case_id,agent,activity_name,start_timestamp,end_timestamp,TimeStep,resource
0,30,Lapping,2012-03-14 20:50:00+00:00,2012-03-14 22:00:32.097883148+00:00,0,ID0420
0,31,Round Grinding,2012-03-14 22:00:32.097883148+00:00,2012-03-15 03:00:41.254757538+00:00,1,ID4109
1,40,Turning,2012-03-15 01:59:00+00:00,2012-03-15 02:58:59+00:00,2,ID3718
0,37,Round Grinding,2012-03-15 03:00:41.254757538+00:00,2012-03-15 04:54:41.254757538+00:00,3,ID3854
1,5,Turning,2012-03-15 02:58:59+00:00,2012-03-16 00:15:17.843345624+00:00,4,ID0997
0,4,Lapping,2012-03-15 04:54:41.254757538+00:00,2012-03-16 01:28:56.294679528+00:00,5,ID4882
2,0,Turning & Milling Q.C.,2012-03-15 15:05:51.202460626+00:00,2012-03-15 15:41:49.645086038+00:00,6,ID4163
0,2,Laser Marking,2012-03-16 01:28:56.294679528+00:00,2012-03-16 01:28:56.294679528+00:00,8,ID4794
2,23,Turning & Milling Q.C.,2012-03-15 15:41:49.645086038+00:00,2012-03-15 16:56:49.645086038+00:00,9,ID0937
3,7,Turning & Milling,2012-03-15 17:42:36.875687601+00:00,2012-03-15 17:42:36.875687601+00:00,10,ID4219
0,2,Laser Marking,2012-03-16 01:28:56.294679528+00:00,2012-03-16 01:28:56.294679528+00:00,11,ID4794
1,7,Turning & Milling,2012-03-16 07:00:00+00:00,2012-03-16 07:00:00+00:00,12,ID4219
2,22,Flat Grinding,2012-03-15 16:56:49.645086038+00:00,2012-03-15 21:26:49.645086038+00:00,13,ID3716
3,7,Turning & Milling,2012-03-15 17:42:36.875687601+00:00,2012-03-15 17:42:36.875687601+00:00,14,ID4219
4,7,Turning & Milling,2012-03-15 18:51:19.293846053+00:00,2012-03-15 18:51:19.293846053+00:00,15,ID4219
0,39,Round Grinding,2012-03-16 01:28:56.294679528+00:00,2012-03-16 02:19:28.493270835+00:00,16,ID4160
1,13,Turning & Milling Q.C.,2012-03-16 07:00:00+00:00,2012-03-16 07:48:21.013291082+00:00,17,ID4493
3,25,Turning & Milling,2012-03-15 17:42:36.875687601+00:00,2012-03-15 17:42:36.875687601+00:00,18,ID4132
4,25,Turning & Milling,2012-03-15 18:51:19.293846053+00:00,2012-03-15 18:51:19.293846053+00:00,19,ID4132
5,26,Round Grinding,2012-03-15 20:08:47.327058008+00:00,2012-03-15 20:08:47.327058008+00:00,20,ID4385
2,10,Flat Grinding,2012-03-15 21:26:49.645086038+00:00,2012-03-15 21:36:18.654517076+00:00,21,ID0998
0,2,Laser Marking,2012-03-16 02:19:28.493270835+00:00,2012-03-16 02:19:28.493270835+00:00,22,ID4794
1,14,Turning Q.C.,2012-03-16 07:48:21.013291082+00:00,2012-03-18 14:31:11.197935445+00:00,23,ID4618
3,18,Turning & Milling Q.C.,2012-03-15 17:42:36.875687601+00:00,2012-03-15 19:32:26.318319773+00:00,24,ID4287
4,35,Turning & Milling,2012-03-15 18:51:19.293846053+00:00,2012-03-16 05:52:18.293846053+00:00,25,ID4162
5,26,Round Grinding,2012-03-15 20:08:47.327058008+00:00,2012-03-15 20:08:47.327058008+00:00,26,ID4385
2,1,Laser Marking,2012-03-15 21:36:18.654517076+00:00,2012-03-15 22:20:12.033907958+00:00,27,ID4445
0,9,Lapping,2012-03-16 02:19:28.493270835+00:00,2012-03-16 03:34:28.493270835+00:00,28,ID4355
6,24,Turning,2012-03-16 04:04:00+00:00,2012-03-16 08:34:00+00:00,29,ID4442
1,38,Turning & Milling,2012-03-18 14:31:11.197935445+00:00,2012-03-18 14:31:11.197935445+00:00,30,ID4140
3,0,Final Inspection Q.C.,2012-03-15 19:32:26.318319773+00:00,2012-03-15 20:09:47.976509352+00:00,31,ID4163
5,26,Round Grinding,2012-03-15 20:08:47.327058008+00:00,2012-03-15 20:08:47.327058008+00:00,32,ID4385
2,16,Laser Marking,2012-03-15 22:20:12.033907958+00:00,2012-03-15 22:22:56.337532418+00:00,33,ID4872
0,12,Lapping,2012-03-16 03:34:28.493270835+00:00,2012-03-16 04:27:02.180631383+00:00,34,ID4528
4,23,Turning & Milling Q.C.,2012-03-16 05:52:18.293846053+00:00,2012-03-16 07:07:18.293846053+00:00,35,ID0937
7,38,Turning & Milling,2012-03-16 07:21:35.403191533+00:00,2012-03-16 07:21:35.403191533+00:00,36,ID4140
6,11,Turning,2012-03-16 08:34:00+00:00,2012-03-19 00:42:50.303944494+00:00,37,ID3846
1,38,Turning & Milling,2012-03-18 14:31:11.197935445+00:00,2012-03-18 14:31:11.197935445+00:00,38,ID4140
5,26,Round Grinding,2012-03-15 20:08:47.327058008+00:00,2012-03-15 20:08:47.327058008+00:00,39,ID4385
3,18,Turning & Milling Q.C.,2012-03-15 20:09:47.976509352+00:00,2012-03-15 22:41:59.691852121+00:00,40,ID4287
2,30,Lapping,2012-03-15 22:22:56.337532418+00:00,2012-03-15 23:33:59.680914662+00:00,41,ID0420
0,26,Round Grinding,2012-03-16 04:27:02.180631383+00:00,2012-03-16 04:27:02.180631383+00:00,42,ID4385
4,0,Turning & Milling Q.C.,2012-03-16 07:07:18.293846053+00:00,2012-03-16 08:33:17.366319542+00:00,43,ID4163
7,38,Turning & Milling,2012-03-16 07:21:35.403191533+00:00,2012-03-16 07:21:35.403191533+00:00,44,ID4140
8,40,Turning,2012-03-18 05:56:00+00:00,2012-03-18 06:55:59+00:00,45,ID3718
1,1,Laser Marking,2012-03-18 14:31:11.197935445+00:00,2012-03-18 15:31:23.056007007+00:00,46,ID4445
6,25,Turning,2012-03-19 00:42:50.303944494+00:00,2012-03-20 00:02:38.465228595+00:00,47,ID4132
5,26,Round Grinding,2012-03-15 20:08:47.327058008+00:00,2012-03-15 20:08:47.327058008+00:00,48,ID4385
3,10,Laser Marking,2012-03-15 22:41:59.691852121+00:00,2012-03-15 22:46:36.942626322+00:00,49,ID0998
2,16,Lapping,2012-03-15 23:33:59.680914662+00:00,2012-03-16 00:02:44.356967794+00:00,50,ID4872
0,26,Round Grinding,2012-03-16 04:27:02.180631383+00:00,2012-03-16 04:27:02.180631383+00:00,51,ID4385
7,38,Turning & Milling,2012-03-16 07:21:35.403191533+00:00,2012-03-16 07:21:35.403191533+00:00,52,ID4140
4,10,Laser Marking,2012-03-16 08:33:17.366319542+00:00,2012-03-18 16:17:53.713585186+00:00,53,ID0998
8,2,Turning,2012-03-18 06:55:59+00:00,2012-03-18 06:55:59+00:00,54,ID4794
9,18,Turning & Milling Q.C.,2012-03-18 11:17:01.638132865+00:00,2012-03-18 11:48:09.291868481+00:00,55,ID4287
1,30,Lapping,2012-03-18 15:31:23.056007007+00:00,2012-03-18 16:33:33.186428077+00:00,56,ID0420
6,8,Turning,2012-03-20 00:02:38.465228595+00:00,2012-03-20 00:34:08.707595814+00:00,57,ID4641
5,26,Round Grinding,2012-03-15 20:08:47.327058008+00:00,2012-03-15 20:08:47.327058008+00:00,58,ID4385
3,16,Lapping,2012-03-15 22:46:36.942626322+00:00,2012-03-15 23:30:49.181030707+00:00,59,ID4872
2,13,Final Inspection Q.C.,2012-03-16 00:02:44.356967794+00:00,2012-03-16 04:21:41.348812806+00:00,60,ID4493
0,26,Round Grinding,2012-03-16 04:27:02.180631383+00:00,2012-03-16 04:27:02.180631383+00:00,61,ID4385
7,23,Turning & Milling Q.C.,2012-03-16 07:21:35.403191533+00:00,2012-03-16 08:36:35.403191533+00:00,62,ID0937
8,13,Turning Q.C.,2012-03-18 06:55:59+00:00,2012-03-18 07:55:53.286219418+00:00,63,ID4493
9,16,Laser Marking,2012-03-18 11:48:09.291868481+00:00,2012-03-18 13:17:55.908916092+00:00,64,ID4872
4,4,Laser Marking,2012-03-18 16:17:53.713585186+00:00,2012-03-18 16:52:11.990139226+00:00,65,ID4882
1,26,Round Grinding,2012-03-18 16:33:33.186428077+00:00,2012-03-18 16:33:33.186428077+00:00,66,ID4385
10,38,Turning & Milling,2012-03-18 17:02:01.807420702+00:00,2012-03-18 17:02:01.807420702+00:00,67,ID4140
6,13,Turning Q.C.,2012-03-20 00:34:08.707595814+00:00,2012-03-20 01:35:25.421021551+00:00,68,ID4493
5,31,Round Grinding,2012-03-15 20:08:47.327058008+00:00,2012-03-15 23:14:45.167106853+00:00,69,ID4109
3,0,Final Inspection Q.C.,2012-03-15 23:30:49.181030707+00:00,2012-03-15 23:44:37.686031971+00:00,70,ID4163
0,0,Final Inspection Q.C.,2012-03-16 04:27:02.180631383+00:00,2012-03-16 05:18:33.048037097+00:00,72,ID4163
7,38,Turning & Milling,2012-03-16 08:36:35.403191533+00:00,2012-03-16 08:36:35.403191533+00:00,73,ID4140
8,9,Lapping,2012-03-18 07:55:53.286219418+00:00,2012-03-18 09:10:53.286219418+00:00,74,ID4355
9,0,Turning & Milling Q.C.,2012-03-18 13:17:55.908916092+00:00,2012-03-18 13:54:11.023175892+00:00,75,ID4163
1,37,Round Grinding,2012-03-18 16:33:33.186428077+00:00,2012-03-18 18:27:33.186428077+00:00,76,ID3854
4,12,Lapping,2012-03-18 16:52:11.990139226+00:00,2012-03-18 17:06:54.463493138+00:00,77,ID4528
10,23,Turning & Milling Q.C.,2012-03-18 17:02:01.807420702+00:00,2012-03-18 18:17:01.807420702+00:00,78,ID0937
11,18,Turning & Milling Q.C.,2012-03-18 20:20:09.044611681+00:00,2012-03-18 20:52:56.386830725+00:00,79,ID4287
6,22,Flat Grinding,2012-03-20 01:35:25.421021551+00:00,2012-03-20 06:05:25.421021551+00:00,80,ID3716
5,31,Round Grinding,2012-03-15 23:14:45.167106853+00:00,2012-03-16 01:28:53.457934596+00:00,81,ID4109
3,0,Final Inspection Q.C.,2012-03-15 23:44:37.686031971+00:00,2012-03-16 01:08:32.545394751+00:00,82,ID4163
0,31,Round Grinding,2012-03-16 05:18:33.048037097+00:00,2012-03-16 08:39:48.005181763+00:00,83,ID4109
2,21,Packing,2012-03-16 07:00:00+00:00,2012-03-16 08:00:00+00:00,84,ID4491
7,0,Turning & Milling Q.C.,2012-03-16 08:36:35.403191533+00:00,2012-03-18 00:58:31.034647790+00:00,85,ID4163
8,9,Lapping,2012-03-18 09:10:53.286219418+00:00,2012-03-18 10:25:53.286219418+00:00,86,ID4355
9,9,Lapping,2012-03-18 13:54:11.023175892+00:00,2012-03-18 15:09:11.023175892+00:00,87,ID4355
4,0,Final Inspection Q.C.,2012-03-18 17:06:54.463493138+00:00,2012-03-18 18:09:21.722656097+00:00,88,ID4163
10,38,Turning & Milling,2012-03-18 18:17:01.807420702+00:00,2012-03-18 18:17:01.807420702+00:00,89,ID4140
1,39,Round Grinding,2012-03-18 18:27:33.186428077+00:00,2012-03-18 19:09:58.290452544+00:00,90,ID4160
11,38,Turning & Milling,2012-03-18 20:52:56.386830725+00:00,2012-03-18 20:52:56.386830725+00:00,91,ID4140
12,38,Turning & Milling,2012-03-19 01:04:00+00:00,2012-03-19 01:04:00+00:00,92,ID4140
6,2,Laser Marking,2012-03-20 06:05:25.421021551+00:00,2012-03-20 06:05:25.421021551+00:00,93,ID4794
3,38,Turning & Milling,2012-03-16 01:08:32.545394751+00:00,2012-03-16 01:08:32.545394751+00:00,94,ID4140
5,16,Round Grinding,2012-03-16 01:28:53.457934596+00:00,2012-03-16 01:34:00.980452093+00:00,95,ID4872
7,38,Turning & Milling,2012-03-18 00:58:31.034647790+00:00,2012-03-18 00:58:31.034647790+00:00,96,ID4140
8,16,Round Grinding,2012-03-18 10:25:53.286219418+00:00,2012-03-18 11:29:11.283246239+00:00,97,ID4872
9,31,Round Grinding,2012-03-18 15:09:11.023175892+00:00,2012-03-18 18:41:39.073451222+00:00,98,ID4109
4,14,Final Inspection Q.C.,2012-03-18 18:09:21.722656097+00:00,2012-03-18 18:18:41.809722033+00:00,99,ID4618
10,0,Turning & Milling Q.C.,2012-03-18 18:17:01.807420702+00:00,2012-03-18 18:47:22.148923880+00:00,100,ID4163
1,16,Lapping,2012-03-18 19:09:58.290452544+00:00,2012-03-18 22:54:08.535257014+00:00,101,ID4872
11,23,Turning & Milling Q.C.,2012-03-18 20:52:56.386830725+00:00,2012-03-18 22:07:56.386830725+00:00,102,ID0937
12,14,Turning & Milling Q.C.,2012-03-19 01:04:00+00:00,2012-03-19 01:11:42.488976757+00:00,103,ID4618
5,1,Round Grinding,2012-03-16 01:34:00.980452093+00:00,2012-03-16 06:00:50.063229779+00:00,107,ID4445
0,1,Round Grinding,2012-03-16 08:39:48.005181763+00:00,2012-03-16 08:43:14.479677225+00:00,108,ID4445
7,38,Turning & Milling,2012-03-18 00:58:31.034647790+00:00,2012-03-18 00:58:31.034647790+00:00,109,ID4140
8,1,Round Grinding,2012-03-18 11:29:11.283246239+00:00,2012-03-18 11:58:34.484794981+00:00,110,ID4445
4,19,Packing,2012-03-18 18:18:41.809722033+00:00,2012-03-18 18:18:41.809722033+00:00,111,ID4820
9,14,Final Inspection Q.C.,2012-03-18 18:41:39.073451222+00:00,2012-03-18 19:01:54.035920945+00:00,112,ID4618
10,2,Laser Marking,2012-03-18 18:47:22.148923880+00:00,2012-03-18 18:47:22.148923880+00:00,113,ID4794
11,1,Laser Marking,2012-03-18 22:07:56.386830725+00:00,2012-03-19 00:07:22.904432683+00:00,114,ID4445
1,9,Round Grinding,2012-03-18 22:54:08.535257014+00:00,2012-03-18 22:56:04.463328629+00:00,115,ID4355
12,38,Turning & Milling,2012-03-19 01:11:42.488976757+00:00,2012-03-19 01:11:42.488976757+00:00,116,ID4140
13,38,Turning & Milling,2012-03-19 07:00:00+00:00,2012-03-19 07:00:00+00:00,117,ID4140
14,38,Turning & Milling,2012-03-19 07:23:50.051359409+00:00,2012-03-19 07:23:50.051359409+00:00,118,ID4140
6,29,Packing,2012-03-20 07:00:00+00:00,2012-03-20 08:00:00+00:00,119,ID4291
5,26,Round Grinding,2012-03-16 06:00:50.063229779+00:00,2012-03-16 06:00:50.063229779+00:00,120,ID4385
3,29,Packing,2012-03-16 07:00:00+00:00,2012-03-16 08:00:00+00:00,121,ID4291
0,26,Round Grinding,2012-03-16 08:43:14.479677225+00:00,2012-03-16 08:43:14.479677225+00:00,122,ID4385
7,0,Turning & Milling Q.C.,2012-03-18 00:58:31.034647790+00:00,2012-03-19 02:02:11.988764668+00:00,123,ID4163
8,4,Laser Marking,2012-03-18 11:58:34.484794981+00:00,2012-03-19 01:25:07.090588350+00:00,124,ID4882
9,13,Final Inspection Q.C.,2012-03-18 19:01:54.035920945+00:00,2012-03-18 21:44:00.300060601+00:00,125,ID4493
1,26,Round Grinding,2012-03-18 22:56:04.463328629+00:00,2012-03-18 22:56:04.463328629+00:00,126,ID4385
11,10,Flat Grinding,2012-03-19 00:07:22.904432683+00:00,2012-03-20 00:28:52.399013741+00:00,127,ID0998
12,38,Turning & Milling,2012-03-19 01:11:42.488976757+00:00,2012-03-19 01:11:42.488976757+00:00,128,ID4140
13,14,Turning & Milling Q.C.,2012-03-19 07:00:00+00:00,2012-03-20 00:06:03.114291129+00:00,129,ID4618
14,38,Turning & Milling,2012-03-19 07:23:50.051359409+00:00,2012-03-19 07:23:50.051359409+00:00,130,ID4140
15,38,Turning & Milling,2012-03-20 00:15:00+00:00,2012-03-20 00:15:00+00:00,131,ID4140
6,18,Final Inspection Q.C.,2012-03-20 08:00:00+00:00,2012-03-20 11:17:55.382052930+00:00,132,ID4287
5,26,Round Grinding,2012-03-16 06:00:50.063229779+00:00,2012-03-16 06:00:50.063229779+00:00,133,ID4385
10,30,Lapping,2012-03-18 18:47:22.148923880+00:00,2012-03-18 19:58:27.345625080+00:00,134,ID0420
9,26,Round Grinding,2012-03-18 21:44:00.300060601+00:00,2012-03-18 21:44:00.300060601+00:00,135,ID4385
1,13,Final Inspection Q.C.,2012-03-18 22:56:04.463328629+00:00,2012-03-18 23:48:24.667752861+00:00,136,ID4493
12,38,Turning & Milling,2012-03-19 01:11:42.488976757+00:00,2012-03-19 01:11:42.488976757+00:00,137,ID4140
8,13,Final Inspection Q.C.,2012-03-19 01:25:07.090588350+00:00,2012-03-19 05:07:02.211954773+00:00,138,ID4493
7,23,Turning & Milling Q.C.,2012-03-19 02:02:11.988764668+00:00,2012-03-19 03:17:11.988764668+00:00,139,ID0937
14,38,Turning & Milling,2012-03-19 07:23:50.051359409+00:00,2012-03-19 07:23:50.051359409+00:00,140,ID4140
13,38,Turning & Milling,2012-03-20 00:06:03.114291129+00:00,2012-03-20 00:06:03.114291129+00:00,141,ID4140
15,0,Turning & Milling Q.C.,2012-03-20 00:15:00+00:00,2012-03-20 01:01:52.560566844+00:00,142,ID4163
11,12,Round Grinding,2012-03-20 00:28:52.399013741+00:00,2012-03-20 01:26:53.233246302+00:00,143,ID4528
16,38,Turning & Milling,2012-03-20 02:48:49.651611297+00:00,2012-03-20 02:48:49.651611297+00:00,144,ID4140
5,37,Round Grinding,2012-03-16 06:00:50.063229779+00:00,2012-03-16 07:54:50.063229779+00:00,145,ID3854
0,37,Round Grinding,2012-03-16 08:43:14.479677225+00:00,2012-03-18 00:37:14.479677225+00:00,146,ID3854
10,37,Round Grinding,2012-03-18 19:58:27.345625080+00:00,2012-03-18 21:52:27.345625080+00:00,147,ID3854
9,21,Packing,2012-03-18 21:44:00.300060601+00:00,2012-03-19 08:00:00.000000601+00:00,148,ID4491
7,2,Laser Marking,2012-03-19 03:17:11.988764668+00:00,2012-03-19 03:17:11.988764668+00:00,149,ID4794
8,13,Final Inspection Q.C.,2012-03-19 05:07:02.211954773+00:00,2012-03-19 07:00:39.659882122+00:00,150,ID4493
14,38,Turning & Milling,2012-03-19 07:23:50.051359409+00:00,2012-03-19 07:23:50.051359409+00:00,151,ID4140
13,23,Turning & Milling Q.C.,2012-03-20 00:06:03.114291129+00:00,2012-03-20 01:21:03.114291129+00:00,152,ID0937
15,38,Turning & Milling,2012-03-20 01:01:52.560566844+00:00,2012-03-20 01:01:52.560566844+00:00,153,ID4140
11,31,Round Grinding,2012-03-20 01:26:53.233246302+00:00,2012-03-20 04:48:34.190777171+00:00,154,ID4109
16,38,Turning & Milling,2012-03-20 02:48:49.651611297+00:00,2012-03-20 02:48:49.651611297+00:00,155,ID4140
5,39,Round Grinding,2012-03-16 07:54:50.063229779+00:00,2012-03-17 01:19:15.287684513+00:00,156,ID4160
0,39,Round Grinding,2012-03-18 00:37:14.479677225+00:00,2012-03-19 00:30:58.093884421+00:00,157,ID4160
10,30,Round Grinding,2012-03-18 21:52:27.345625080+00:00,2012-03-19 02:27:34.068151101+00:00,158,ID0420
12,38,Turning & Milling,2012-03-19 01:11:42.488976757+00:00,2012-03-19 01:11:42.488976757+00:00,159,ID4140
7,16,Lapping,2012-03-19 03:17:11.988764668+00:00,2012-03-19 06:47:21.506043267+00:00,160,ID4872
8,29,Packing,2012-03-19 07:00:39.659882122+00:00,2012-03-19 08:00:39.659882122+00:00,161,ID4291
14,13,Turning & Milling Q.C.,2012-03-19 07:23:50.051359409+00:00,2012-03-19 08:54:05.909435155+00:00,162,ID4493
9,0,Final Inspection Q.C.,2012-03-19 08:00:00.000000601+00:00,2012-03-19 08:10:24.440955548+00:00,163,ID4163
15,38,Turning & Milling,2012-03-20 01:01:52.560566844+00:00,2012-03-20 01:01:52.560566844+00:00,164,ID4140
13,38,Turning & Milling,2012-03-20 01:21:03.114291129+00:00,2012-03-20 01:21:03.114291129+00:00,165,ID4140
16,38,Turning & Milling,2012-03-20 02:48:49.651611297+00:00,2012-03-20 02:48:49.651611297+00:00,166,ID4140
11,0,Final Inspection Q.C.,2012-03-20 04:48:34.190777171+00:00,2012-03-20 04:59:57.051178745+00:00,167,ID4163
5,9,Round Grinding,2012-03-17 01:19:15.287684513+00:00,2012-03-18 00:29:22.746477981+00:00,168,ID4355
12,38,Turning & Milling,2012-03-19 01:11:42.488976757+00:00,2012-03-19 01:11:42.488976757+00:00,170,ID4140
10,14,Final Inspection Q.C.,2012-03-19 02:27:34.068151101+00:00,2012-03-20 01:22:29.810071607+00:00,171,ID4618
7,9,Lapping,2012-03-19 06:47:21.506043267+00:00,2012-03-19 08:02:21.506043267+00:00,172,ID4355
14,38,Turning & Milling,2012-03-19 08:54:05.909435155+00:00,2012-03-19 08:54:05.909435155+00:00,173,ID4140
15,38,Turning & Milling,2012-03-20 01:01:52.560566844+00:00,2012-03-20 01:01:52.560566844+00:00,174,ID4140
13,38,Turning & Milling,2012-03-20 01:21:03.114291129+00:00,2012-03-20 01:21:03.114291129+00:00,175,ID4140
16,38,Turning & Milling,2012-03-20 02:48:49.651611297+00:00,2012-03-20 02:48:49.651611297+00:00,176,ID4140
17,26,Round Grinding,2012-03-20 03:42:40.628177911+00:00,2012-03-20 03:42:40.628177911+00:00,177,ID4385
5,13,Final Inspection Q.C.,2012-03-18 00:29:22.746477981+00:00,2012-03-19 02:34:56.464643356+00:00,179,ID4493
12,38,Turning & Milling,2012-03-19 01:11:42.488976757+00:00,2012-03-19 01:11:42.488976757+00:00,180,ID4140
7,37,Round Grinding,2012-03-19 08:02:21.506043267+00:00,2012-03-19 09:56:21.506043267+00:00,182,ID3854
9,0,Final Inspection Q.C.,2012-03-19 08:10:24.440955548+00:00,2012-03-19 08:59:23.237909088+00:00,183,ID4163
14,38,Turning & Milling,2012-03-19 08:54:05.909435155+00:00,2012-03-19 08:54:05.909435155+00:00,184,ID4140
15,38,Turning & Milling,2012-03-20 01:01:52.560566844+00:00,2012-03-20 01:01:52.560566844+00:00,185,ID4140
13,0,Turning & Milling Q.C.,2012-03-20 01:21:03.114291129+00:00,2012-03-20 01:56:46.161248274+00:00,186,ID4163
10,14,Final Inspection Q.C.,2012-03-20 01:22:29.810071607+00:00,2012-03-21 01:19:08.877454718+00:00,187,ID4618
16,13,Turning & Milling Q.C.,2012-03-20 02:48:49.651611297+00:00,2012-03-20 03:37:28.550817800+00:00,188,ID4493
17,1,Round Grinding,2012-03-20 03:42:40.628177911+00:00,2012-03-20 04:11:01.278872211+00:00,189,ID4445
11,21,Packing,2012-03-20 07:00:00+00:00,2012-03-20 08:00:00+00:00,191,ID4491
12,38,Turning & Milling,2012-03-19 01:11:42.488976757+00:00,2012-03-19 01:11:42.488976757+00:00,192,ID4140
5,0,Final Inspection Q.C.,2012-03-19 02:34:56.464643356+00:00,2012-03-19 02:50:26.348611309+00:00,193,ID4163
0,19,Packing,2012-03-19 08:00:39.659882122+00:00,2012-03-19 08:00:39.659882122+00:00,194,ID4820
14,38,Turning & Milling,2012-03-19 08:54:05.909435155+00:00,2012-03-19 08:54:05.909435155+00:00,195,ID4140
15,18,Turning & Milling Q.C.,2012-03-20 01:01:52.560566844+00:00,2012-03-20 02:23:48.485127374+00:00,196,ID4287
13,0,Turning & Milling Q.C.,2012-03-20 01:56:46.161248274+00:00,2012-03-20 02:54:49.320811674+00:00,197,ID4163
16,38,Turning & Milling,2012-03-20 03:37:28.550817800+00:00,2012-03-20 03:37:28.550817800+00:00,198,ID4140
17,18,Final Inspection Q.C.,2012-03-20 04:11:01.278872211+00:00,2012-03-20 05:36:35.516473161+00:00,199,ID4287
18,38,Turning & Milling,2012-03-20 07:00:00+00:00,2012-03-20 07:00:00+00:00,200,ID4140
11,0,Final Inspection Q.C.,2012-03-20 08:00:00+00:00,2012-03-20 09:44:36.370778439+00:00,201,ID4163
12,18,Turning & Milling Q.C.,2012-03-19 01:11:42.488976757+00:00,2012-03-19 02:20:13.159583002+00:00,203,ID4287
0,4,Lapping,2012-03-19 08:00:39.659882122+00:00,2012-03-21 00:51:51.793727151+00:00,205,ID4882
14,38,Turning & Milling,2012-03-19 08:54:05.909435155+00:00,2012-03-19 08:54:05.909435155+00:00,206,ID4140
7,39,Round Grinding,2012-03-19 09:56:21.506043267+00:00,2012-03-19 14:20:16.040121752+00:00,207,ID4160
15,30,Flat Grinding,2012-03-20 02:23:48.485127374+00:00,2012-03-20 03:22:48.485127374+00:00,208,ID0420
13,23,Turning & Milling Q.C.,2012-03-20 02:54:49.320811674+00:00,2012-03-20 04:09:49.320811674+00:00,209,ID0937
16,38,Turning & Milling,2012-03-20 03:37:28.550817800+00:00,2012-03-20 03:37:28.550817800+00:00,210,ID4140
17,18,Final Inspection Q.C.,2012-03-20 05:36:35.516473161+00:00,2012-03-20 07:48:21.544887312+00:00,211,ID4287
18,38,Turning & Milling,2012-03-20 07:00:00+00:00,2012-03-20 07:00:00+00:00,212,ID4140
11,13,Final Inspection Q.C.,2012-03-20 09:44:36.370778439+00:00,2012-03-20 10:02:47.800547432+00:00,213,ID4493
19,38,Turning & Milling,2012-03-20 10:00:34.017369549+00:00,2012-03-20 10:00:34.017369549+00:00,214,ID4140
10,29,Packing,2012-03-21 07:00:00+00:00,2012-03-21 08:00:00+00:00,215,ID4291
12,38,Turning & Milling,2012-03-19 02:20:13.159583002+00:00,2012-03-19 02:20:13.159583002+00:00,216,ID4140
5,19,Packing,2012-03-19 08:00:00.000000601+00:00,2012-03-19 08:00:00.000000601+00:00,217,ID4820
14,38,Turning & Milling,2012-03-19 08:54:05.909435155+00:00,2012-03-19 08:54:05.909435155+00:00,218,ID4140
7,16,Round Grinding,2012-03-19 14:20:16.040121752+00:00,2012-03-19 16:08:50.274510689+00:00,219,ID4872
16,38,Turning & Milling,2012-03-20 03:37:28.550817800+00:00,2012-03-20 03:37:28.550817800+00:00,221,ID4140
13,16,Flat Grinding,2012-03-20 04:09:49.320811674+00:00,2012-03-20 08:10:32.850338500+00:00,222,ID4872
18,38,Turning & Milling,2012-03-20 07:00:00+00:00,2012-03-20 07:00:00+00:00,223,ID4140
19,23,Turning & Milling Q.C.,2012-03-20 10:00:34.017369549+00:00,2012-03-20 11:15:34.017369549+00:00,225,ID0937
11,0,Final Inspection Q.C.,2012-03-20 10:02:47.800547432+00:00,2012-03-20 11:31:13.047786969+00:00,226,ID4163
20,19,Packing,2012-03-20 14:51:14.067065224+00:00,2012-03-20 14:51:14.067065224+00:00,227,ID4820
0,9,Round Grinding,2012-03-21 00:51:51.793727151+00:00,2012-03-21 01:23:27.039827919+00:00,228,ID4355
10,18,Final Inspection Q.C.,2012-03-21 08:00:00+00:00,2012-03-21 09:38:24.917782643+00:00,229,ID4287
12,2,Laser Marking,2012-03-19 02:20:13.159583002+00:00,2012-03-19 02:20:13.159583002+00:00,230,ID4794
5,12,Fix,2012-03-19 08:00:00.000000601+00:00,2012-03-19 14:45:00.000000601+00:00,231,ID4528
14,38,Turning & Milling,2012-03-19 08:54:05.909435155+00:00,2012-03-19 08:54:05.909435155+00:00,232,ID4140
7,37,Round Grinding,2012-03-19 16:08:50.274510689+00:00,2012-03-19 18:02:50.274510689+00:00,233,ID3854
16,38,Turning & Milling,2012-03-20 03:37:28.550817800+00:00,2012-03-20 03:37:28.550817800+00:00,234,ID4140
18,38,Turning & Milling,2012-03-20 07:00:00+00:00,2012-03-20 07:00:00+00:00,235,ID4140
13,12,Lapping,2012-03-20 08:10:32.850338500+00:00,2012-03-20 09:39:48.614304088+00:00,236,ID4528
19,13,Nitration Q.C.,2012-03-20 11:15:34.017369549+00:00,2012-03-20 11:16:34.017369549+00:00,237,ID4493
11,10,Grinding Rework,2012-03-20 11:31:13.047786969+00:00,2012-03-20 11:31:13.047786969+00:00,238,ID0998
20,38,Turning & Milling,2012-03-20 14:51:14.067065224+00:00,2012-03-20 14:51:14.067065224+00:00,239,ID4140
21,21,Packing,2012-03-20 22:02:26.475156339+00:00,2012-03-21 08:00:00.000000339+00:00,240,ID4491
15,13,Nitration Q.C.,2012-03-21 01:19:08.877454718+00:00,2012-03-21 01:20:08.877454718+00:00,241,ID4493
0,30,Lapping,2012-03-21 01:23:27.039827919+00:00,2012-03-21 02:37:52.688183697+00:00,243,ID0420
12,39,Round Grinding,2012-03-19 02:20:13.159583002+00:00,2012-03-19 05:41:20.383811578+00:00,244,ID4160
14,38,Turning & Milling,2012-03-19 08:54:05.909435155+00:00,2012-03-19 08:54:05.909435155+00:00,245,ID4140
5,1,Fix,2012-03-19 14:45:00.000000601+00:00,2012-03-19 14:35:48.495939846+00:00,246,ID4445
7,39,Round Grinding,2012-03-19 18:02:50.274510689+00:00,2012-03-19 20:34:09.388458228+00:00,247,ID4160
16,0,Turning & Milling Q.C.,2012-03-20 03:37:28.550817800+00:00,2012-03-20 04:25:25.973756459+00:00,248,ID4163
18,38,Turning & Milling,2012-03-20 07:00:00+00:00,2012-03-20 07:00:00+00:00,249,ID4140
13,1,Round Grinding,2012-03-20 09:39:48.614304088+00:00,2012-03-20 16:06:48.532871918+00:00,250,ID4445
19,2,Laser Marking,2012-03-20 11:16:34.017369549+00:00,2012-03-20 11:16:34.017369549+00:00,251,ID4794
11,19,Packing,2012-03-20 11:31:13.047786969+00:00,2012-03-20 11:31:13.047786969+00:00,252,ID4820
15,16,Laser Marking,2012-03-21 01:20:08.877454718+00:00,2012-03-21 02:49:29.393109237+00:00,253,ID4872
0,0,Final Inspection Q.C.,2012-03-21 02:37:52.688183697+00:00,2012-03-21 04:10:43.614294697+00:00,254,ID4163
12,37,Round Grinding,2012-03-19 05:41:20.383811578+00:00,2012-03-19 07:35:20.383811578+00:00,255,ID3854
14,26,Round Grinding,2012-03-19 08:54:05.909435155+00:00,2012-03-19 08:54:05.909435155+00:00,256,ID4385
5,13,Final Inspection Q.C.,2012-03-19 14:35:48.495939846+00:00,2012-03-19 16:15:49.381716761+00:00,257,ID4493
7,37,Round Grinding,2012-03-19 20:34:09.388458228+00:00,2012-03-19 22:28:09.388458228+00:00,258,ID3854
16,13,Turning & Milling Q.C.,2012-03-20 04:25:25.973756459+00:00,2012-03-20 06:40:02.376917107+00:00,259,ID4493
18,13,Turning & Milling Q.C.,2012-03-20 07:00:00+00:00,2012-03-20 08:18:49.217771745+00:00,260,ID4493
19,12,Laser Marking,2012-03-20 11:16:34.017369549+00:00,2012-03-20 11:18:34.017369549+00:00,261,ID4528
11,19,Packing,2012-03-20 11:31:13.047786969+00:00,2012-03-20 11:31:13.047786969+00:00,262,ID4820
13,26,Round Grinding,2012-03-20 16:06:48.532871918+00:00,2012-03-20 16:06:48.532871918+00:00,263,ID4385
22,38,Turning & Milling,2012-03-21 00:17:00+00:00,2012-03-21 00:17:00+00:00,264,ID4140
15,23,Lapping,2012-03-21 02:49:29.393109237+00:00,2012-03-21 03:35:57.205433675+00:00,265,ID0937
0,26,Round Grinding,2012-03-21 04:10:43.614294697+00:00,2012-03-21 04:10:43.614294697+00:00,266,ID4385
23,7,Turning,2012-03-21 05:34:01.482904148+00:00,2012-03-21 05:34:01.482904148+00:00,267,ID4219
17,19,Packing,2012-03-21 08:00:00.000000339+00:00,2012-03-21 08:00:00.000000339+00:00,268,ID4820
12,26,Round Grinding,2012-03-19 07:35:20.383811578+00:00,2012-03-19 07:35:20.383811578+00:00,269,ID4385
14,26,Round Grinding,2012-03-19 08:54:05.909435155+00:00,2012-03-19 08:54:05.909435155+00:00,270,ID4385
5,19,Packing,2012-03-19 16:15:49.381716761+00:00,2012-03-19 16:15:49.381716761+00:00,271,ID4820
7,26,Round Grinding,2012-03-19 22:28:09.388458228+00:00,2012-03-19 22:28:09.388458228+00:00,272,ID4385
16,22,Flat Grinding,2012-03-20 06:40:02.376917107+00:00,2012-03-20 11:10:02.376917107+00:00,273,ID3716
18,23,Turning & Milling Q.C.,2012-03-20 08:18:49.217771745+00:00,2012-03-20 09:33:49.217771745+00:00,274,ID0937
19,23,Lapping,2012-03-20 11:18:34.017369549+00:00,2012-03-20 12:06:59.985017805+00:00,275,ID0937
11,13,Final Inspection Q.C.,2012-03-20 11:31:13.047786969+00:00,2012-03-20 12:27:04.497587560+00:00,276,ID4493
13,26,Round Grinding,2012-03-20 16:06:48.532871918+00:00,2012-03-20 16:06:48.532871918+00:00,277,ID4385
22,38,Turning & Milling,2012-03-21 00:17:00+00:00,2012-03-21 00:17:00+00:00,278,ID4140
15,26,Round Grinding,2012-03-21 03:35:57.205433675+00:00,2012-03-21 03:35:57.205433675+00:00,279,ID4385
0,13,Final Inspection Q.C.,2012-03-21 04:10:43.614294697+00:00,2012-03-21 05:23:11.080500413+00:00,280,ID4493
23,5,Turning,2012-03-21 05:34:01.482904148+00:00,2012-03-23 00:03:21.299394614+00:00,281,ID0997
12,31,Round Grinding,2012-03-19 07:35:20.383811578+00:00,2012-03-19 09:58:36.463776998+00:00,282,ID4109
14,38,Turning & Milling,2012-03-19 08:54:05.909435155+00:00,2012-03-19 08:54:05.909435155+00:00,283,ID4140
5,0,Final Inspection Q.C.,2012-03-19 16:15:49.381716761+00:00,2012-03-19 16:17:25.149699384+00:00,284,ID4163
7,0,Final Inspection Q.C.,2012-03-19 22:28:09.388458228+00:00,2012-03-19 22:54:00.880001672+00:00,285,ID4163
18,38,Turning & Milling,2012-03-20 09:33:49.217771745+00:00,2012-03-20 09:33:49.217771745+00:00,286,ID4140
16,22,Flat Grinding,2012-03-20 11:10:02.376917107+00:00,2012-03-20 15:40:02.376917107+00:00,287,ID3716
19,31,Round Grinding,2012-03-20 12:06:59.985017805+00:00,2012-03-20 13:54:37.782127962+00:00,288,ID4109
22,38,Turning & Milling,2012-03-21 00:17:00+00:00,2012-03-21 00:17:00+00:00,289,ID4140
15,39,Round Grinding,2012-03-21 03:35:57.205433675+00:00,2012-03-21 04:34:13.894781645+00:00,290,ID4160
0,37,Round Grinding,2012-03-21 05:23:11.080500413+00:00,2012-03-21 07:17:11.080500413+00:00,291,ID3854
24,28,Rework Milling,2012-03-21 09:20:08.073590263+00:00,2012-03-21 10:03:05.558535013+00:00,292,ID3641
23,24,Turning,2012-03-23 00:03:21.299394614+00:00,2012-03-23 04:33:21.299394614+00:00,293,ID4442
14,23,Turning & Milling Q.C.,2012-03-19 08:54:05.909435155+00:00,2012-03-19 10:09:05.909435155+00:00,294,ID0937
12,0,Round Grinding,2012-03-19 09:58:36.463776998+00:00,2012-03-19 12:08:45.817326640+00:00,295,ID4163
18,38,Turning & Milling,2012-03-20 09:33:49.217771745+00:00,2012-03-20 09:33:49.217771745+00:00,296,ID4140
19,23,Round Grinding,2012-03-20 13:54:37.782127962+00:00,2012-03-20 14:12:57.358474677+00:00,297,ID0937
16,2,Laser Marking,2012-03-20 15:40:02.376917107+00:00,2012-03-20 15:40:02.376917107+00:00,298,ID4794
13,2,Laser Marking,2012-03-20 16:06:48.532871918+00:00,2012-03-20 16:06:48.532871918+00:00,299,ID4794
22,38,Turning & Milling,2012-03-21 00:17:00+00:00,2012-03-21 00:17:00+00:00,300,ID4140
15,0,Final Inspection Q.C.,2012-03-21 04:34:13.894781645+00:00,2012-03-21 05:09:14.388527066+00:00,301,ID4163
0,12,Round Grinding,2012-03-21 07:17:11.080500413+00:00,2012-03-21 09:21:16.052573190+00:00,302,ID4528
24,23,Turning & Milling Q.C.,2012-03-21 10:03:05.558535013+00:00,2012-03-21 11:18:05.558535013+00:00,303,ID0937
25,38,Turning & Milling,2012-03-21 12:26:23.303180899+00:00,2012-03-21 12:26:23.303180899+00:00,304,ID4140
23,14,Turning Q.C.,2012-03-23 04:33:21.299394614+00:00,2012-03-25 14:33:36.748497012+00:00,305,ID4618
14,2,Laser Marking,2012-03-19 10:09:05.909435155+00:00,2012-03-19 10:09:05.909435155+00:00,306,ID4794
12,31,Round Grinding,2012-03-19 12:08:45.817326640+00:00,2012-03-19 14:03:02.117513643+00:00,307,ID4109
7,0,Final Inspection Q.C.,2012-03-19 22:54:00.880001672+00:00,2012-03-19 23:07:06.319408293+00:00,308,ID4163
18,10,Flat Grinding,2012-03-20 09:33:49.217771745+00:00,2012-03-21 00:36:55.834724513+00:00,309,ID0998
19,9,Lapping,2012-03-20 14:12:57.358474677+00:00,2012-03-20 15:27:57.358474677+00:00,310,ID4355
16,2,Laser Marking,2012-03-20 15:40:02.376917107+00:00,2012-03-20 15:40:02.376917107+00:00,311,ID4794
13,19,Packing,2012-03-20 16:06:48.532871918+00:00,2012-03-20 16:06:48.532871918+00:00,312,ID4820
22,13,Turning Q.C.,2012-03-21 00:17:00+00:00,2012-03-21 01:18:18.884860723+00:00,313,ID4493
15,0,Final Inspection Q.C.,2012-03-21 05:09:14.388527066+00:00,2012-03-21 07:00:42.493868438+00:00,314,ID4163
0,31,Round Grinding,2012-03-21 09:21:16.052573190+00:00,2012-03-22 00:39:45.110286413+00:00,315,ID4109
24,35,Turning & Milling,2012-03-21 11:18:05.558535013+00:00,2012-03-22 10:19:04.558535013+00:00,316,ID4162
25,11,Turning & Milling,2012-03-21 12:26:23.303180899+00:00,2012-03-22 00:30:25.950410777+00:00,317,ID3846
26,27,Turning & Milling,2012-03-21 18:56:11.470021736+00:00,2012-03-21 18:56:11.470021736+00:00,318,ID4718
23,2,Turning & Milling,2012-03-25 14:33:36.748497012+00:00,2012-03-25 14:33:36.748497012+00:00,319,ID4794
14,9,Round Grinding,2012-03-19 10:09:05.909435155+00:00,2012-03-19 10:26:57.384073315+00:00,320,ID4355
12,9,Round Grinding,2012-03-19 14:03:02.117513643+00:00,2012-03-19 17:49:40.953882475+00:00,321,ID4355
7,19,Packing,2012-03-19 23:07:06.319408293+00:00,2012-03-19 23:07:06.319408293+00:00,322,ID4820
19,9,Laser Marking,2012-03-20 15:27:57.358474677+00:00,2012-03-20 16:25:13.969102859+00:00,323,ID4355
16,30,Lapping,2012-03-20 15:40:02.376917107+00:00,2012-03-20 16:45:22.889715506+00:00,324,ID0420
13,13,Final Inspection Q.C.,2012-03-20 16:06:48.532871918+00:00,2012-03-20 19:17:40.283219660+00:00,325,ID4493
18,0,Turning & Milling Q.C.,2012-03-21 00:36:55.834724513+00:00,2012-03-21 01:13:24.318425980+00:00,326,ID4163
22,18,Turning Q.C.,2012-03-21 01:18:18.884860723+00:00,2012-03-21 02:47:36.185904744+00:00,327,ID4287
15,1,Round Grinding,2012-03-21 07:00:42.493868438+00:00,2012-03-21 07:20:17.583976339+00:00,328,ID4445
26,3,Turning & Milling Q.C.,2012-03-21 18:56:11.470021736+00:00,2012-03-21 18:56:11.470021736+00:00,329,ID4529
27,20,Turn & Mill. & Screw Assem,2012-03-21 20:26:08.810966152+00:00,2012-03-21 20:26:08.810966152+00:00,330,ID4932
25,25,Turning & Milling,2012-03-22 00:30:25.950410777+00:00,2012-03-22 00:30:25.950410777+00:00,331,ID4132
0,9,Round Grinding,2012-03-22 00:39:45.110286413+00:00,2012-03-22 01:12:34.556030811+00:00,332,ID4355
24,13,Turning & Milling Q.C.,2012-03-22 10:19:04.558535013+00:00,2012-03-22 10:50:23.766557350+00:00,333,ID4493
23,0,Turning & Milling Q.C.,2012-03-25 14:33:36.748497012+00:00,2012-03-25 15:32:34.808093641+00:00,334,ID4163
14,22,Flat Grinding,2012-03-19 10:26:57.384073315+00:00,2012-03-19 14:56:57.384073315+00:00,335,ID3716
12,18,Turning & Milling Q.C.,2012-03-19 17:49:40.953882475+00:00,2012-03-19 18:36:49.795934952+00:00,336,ID4287
16,30,Lapping,2012-03-20 16:45:22.889715506+00:00,2012-03-20 17:46:42.861224282+00:00,337,ID0420
22,10,Laser Marking,2012-03-21 02:47:36.185904744+00:00,2012-03-22 00:03:10.603994416+00:00,338,ID0998
15,13,Final Inspection Q.C.,2012-03-21 07:20:17.583976339+00:00,2012-03-21 07:33:05.121095041+00:00,339,ID4493
26,18,Turning Q.C.,2012-03-21 18:56:11.470021736+00:00,2012-03-21 20:54:23.164061903+00:00,340,ID4287
27,8,Turn & Mill. & Screw Assem,2012-03-21 20:26:08.810966152+00:00,2012-03-21 20:26:08.810966152+00:00,341,ID4641
25,25,Turning & Milling,2012-03-22 00:30:25.950410777+00:00,2012-03-22 00:30:25.950410777+00:00,342,ID4132
0,13,Final Inspection Q.C.,2012-03-22 01:12:34.556030811+00:00,2012-03-22 02:29:18.401897700+00:00,343,ID4493
28,25,Turning & Milling,2012-03-22 01:59:00+00:00,2012-03-22 01:59:00+00:00,344,ID4132
24,16,Turning & Milling,2012-03-22 10:50:23.766557350+00:00,2012-03-22 10:50:23.766557350+00:00,345,ID4872
23,16,Turning & Milling,2012-03-25 15:32:34.808093641+00:00,2012-03-25 15:32:34.808093641+00:00,346,ID4872
14,30,Lapping,2012-03-19 14:56:57.384073315+00:00,2012-03-19 15:56:23.693881392+00:00,347,ID0420
12,30,Round Grinding,2012-03-19 18:36:49.795934952+00:00,2012-03-20 02:14:04.892064371+00:00,348,ID0420
19,16,Laser Marking,2012-03-20 16:25:13.969102859+00:00,2012-03-20 17:04:13.073632494+00:00,349,ID4872
16,18,Final Inspection Q.C.,2012-03-20 17:46:42.861224282+00:00,2012-03-20 19:15:48.323924214+00:00,350,ID4287
18,22,Flat Grinding,2012-03-21 01:13:24.318425980+00:00,2012-03-21 05:43:24.318425980+00:00,351,ID3716
15,13,Final Inspection Q.C.,2012-03-21 07:33:05.121095041+00:00,2012-03-21 10:19:25.345495447+00:00,352,ID4493
27,8,Turn & Mill. & Screw Assem,2012-03-21 20:26:08.810966152+00:00,2012-03-21 20:26:08.810966152+00:00,353,ID4641
26,27,Turning & Milling,2012-03-21 20:54:23.164061903+00:00,2012-03-21 20:54:23.164061903+00:00,354,ID4718
22,18,Final Inspection Q.C.,2012-03-22 00:03:10.603994416+00:00,2012-03-22 02:02:15.728688984+00:00,355,ID4287
25,16,Turning & Milling,2012-03-22 00:30:25.950410777+00:00,2012-03-22 00:30:25.950410777+00:00,356,ID4872
28,16,Grinding Rework,2012-03-22 01:59:00+00:00,2012-03-22 03:55:23.308261606+00:00,357,ID4872
29,7,Turning & Milling,2012-03-22 04:16:36.668924683+00:00,2012-03-22 04:16:36.668924683+00:00,359,ID4219
24,1,Turning & Milling,2012-03-22 10:50:23.766557350+00:00,2012-03-22 10:50:23.766557350+00:00,360,ID4445
23,13,Turning & Milling Q.C.,2012-03-25 15:32:34.808093641+00:00,2012-03-25 16:00:00.379876062+00:00,361,ID4493
14,30,Flat Grinding,2012-03-19 15:56:23.693881392+00:00,2012-03-19 16:55:23.693881392+00:00,362,ID0420
12,26,Round Grinding,2012-03-20 02:14:04.892064371+00:00,2012-03-20 02:14:04.892064371+00:00,363,ID4385
19,26,Round Grinding,2012-03-20 17:04:13.073632494+00:00,2012-03-20 17:04:13.073632494+00:00,364,ID4385
16,19,Packing,2012-03-20 19:15:48.323924214+00:00,2012-03-20 19:15:48.323924214+00:00,365,ID4820
18,4,Laser Marking,2012-03-21 05:43:24.318425980+00:00,2012-03-22 00:28:25.594688560+00:00,366,ID4882
15,19,Packing,2012-03-21 10:19:25.345495447+00:00,2012-03-21 10:19:25.345495447+00:00,367,ID4820
27,8,Turn & Mill. & Screw Assem,2012-03-21 20:26:08.810966152+00:00,2012-03-21 20:26:08.810966152+00:00,368,ID4641
26,34,Turning & Milling,2012-03-21 20:54:23.164061903+00:00,2012-03-21 20:54:23.164061903+00:00,369,ID4783
25,1,Turning & Milling,2012-03-22 00:30:25.950410777+00:00,2012-03-22 00:30:25.950410777+00:00,370,ID4445
28,23,Turning & Milling Q.C.,2012-03-22 03:55:23.308261606+00:00,2012-03-22 05:10:23.308261606+00:00,372,ID0937
29,6,Milling,2012-03-22 04:16:36.668924683+00:00,2012-03-23 18:07:02.414401795+00:00,373,ID4326
0,29,Packing,2012-03-22 07:00:00+00:00,2012-03-22 08:00:00+00:00,374,ID4291
30,1,Turning & Milling,2012-03-22 08:28:42.669663438+00:00,2012-03-22 08:28:42.669663438+00:00,375,ID4445
24,1,Turning & Milling,2012-03-22 10:50:23.766557350+00:00,2012-03-22 10:50:23.766557350+00:00,376,ID4445
23,1,Turning & Milling,2012-03-25 16:00:00.379876062+00:00,2012-03-25 16:00:00.379876062+00:00,377,ID4445
14,30,Round Grinding,2012-03-19 16:55:23.693881392+00:00,2012-03-19 18:32:06.972584446+00:00,378,ID0420
12,26,Round Grinding,2012-03-20 02:14:04.892064371+00:00,2012-03-20 02:14:04.892064371+00:00,379,ID4385
19,1,Laser Marking,2012-03-20 17:04:13.073632494+00:00,2012-03-20 17:52:33.299400186+00:00,380,ID4445
27,3,Turning & Milling Q.C.,2012-03-21 20:26:08.810966152+00:00,2012-03-21 20:26:08.810966152+00:00,381,ID4529
26,1,Laser Marking,2012-03-21 20:54:23.164061903+00:00,2012-03-21 23:45:41.365985167+00:00,382,ID4445
18,0,Final Inspection Q.C.,2012-03-22 00:28:25.594688560+00:00,2012-03-22 02:01:20.652851459+00:00,383,ID4163
28,12,Laser Marking,2012-03-22 05:10:23.308261606+00:00,2012-03-22 05:12:23.308261606+00:00,385,ID4528
22,21,Packing,2012-03-22 08:00:00+00:00,2012-03-22 09:00:00+00:00,386,ID4491
0,19,Packing,2012-03-22 08:00:00+00:00,2012-03-22 08:00:00+00:00,387,ID4820
30,30,Round Grinding,2012-03-22 08:28:42.669663438+00:00,2012-03-22 12:12:45.425901270+00:00,388,ID0420
31,40,Turning,2012-03-22 10:33:31.239695027+00:00,2012-03-22 11:33:30.239695027+00:00,389,ID3718
24,0,Turning & Milling Q.C.,2012-03-22 10:50:23.766557350+00:00,2012-03-22 11:59:17.196844791+00:00,390,ID4163
29,18,Turning & Milling Q.C.,2012-03-23 18:07:02.414401795+00:00,2012-03-23 18:53:48.821715783+00:00,391,ID4287
23,38,Turning & Milling,2012-03-25 16:00:00.379876062+00:00,2012-03-25 16:00:00.379876062+00:00,392,ID4140
14,26,Round Grinding,2012-03-19 18:32:06.972584446+00:00,2012-03-19 18:32:06.972584446+00:00,393,ID4385
19,1,Lapping,2012-03-20 17:52:33.299400186+00:00,2012-03-20 21:26:33.299400186+00:00,395,ID4445
15,19,Packing,2012-03-21 10:19:25.345495447+00:00,2012-03-21 10:19:25.345495447+00:00,396,ID4820
27,20,Laser Marking,2012-03-21 20:26:08.810966152+00:00,2012-03-21 20:26:08.810966152+00:00,397,ID4932
26,1,Lapping,2012-03-21 23:45:41.365985167+00:00,2012-03-22 03:19:41.365985167+00:00,398,ID4445
25,38,Turning & Milling,2012-03-22 02:29:18.401897700+00:00,2012-03-22 02:29:18.401897700+00:00,400,ID4140
28,10,Lapping,2012-03-22 05:12:23.308261606+00:00,2012-03-25 16:04:53.544198405+00:00,401,ID0998
31,18,Turning Q.C.,2012-03-22 11:33:30.239695027+00:00,2012-03-22 13:27:03.151194866+00:00,402,ID4287
32,8,Turning,2012-03-22 11:48:05.593621792+00:00,2012-03-23 12:04:14.725173086+00:00,403,ID4641
24,38,Turning & Milling,2012-03-22 11:59:17.196844791+00:00,2012-03-22 11:59:17.196844791+00:00,404,ID4140
30,23,Turning & Milling Q.C.,2012-03-22 12:12:45.425901270+00:00,2012-03-22 13:27:45.425901270+00:00,405,ID0937
29,19,Packing,2012-03-23 18:53:48.821715783+00:00,2012-03-23 18:53:48.821715783+00:00,406,ID4820
23,38,Turning & Milling,2012-03-25 16:00:00.379876062+00:00,2012-03-25 16:00:00.379876062+00:00,407,ID4140
14,22,Flat Grinding,2012-03-19 18:32:06.972584446+00:00,2012-03-19 23:02:06.972584446+00:00,408,ID3716
12,18,Final Inspection Q.C.,2012-03-20 03:37:28.550817800+00:00,2012-03-20 04:07:46.847183048+00:00,409,ID4287
19,9,Lapping,2012-03-20 21:26:33.299400186+00:00,2012-03-20 22:41:33.299400186+00:00,410,ID4355
25,18,Turning & Milling,2012-03-22 02:29:18.401897700+00:00,2012-03-22 03:44:18.401897700+00:00,411,ID4287
26,26,Round Grinding,2012-03-22 03:19:41.365985167+00:00,2012-03-22 03:19:41.365985167+00:00,412,ID4385
18,21,Packing,2012-03-22 07:00:00+00:00,2012-03-22 08:00:00+00:00,413,ID4491
31,22,Flat Grinding,2012-03-22 13:27:03.151194866+00:00,2012-03-22 17:57:03.151194866+00:00,414,ID3716
30,11,Turning,2012-03-22 13:27:45.425901270+00:00,2012-03-23 06:48:02.629153764+00:00,415,ID3846
33,38,Turning & Milling,2012-03-23 04:04:00+00:00,2012-03-23 04:04:00+00:00,416,ID4140
32,38,Turning & Milling,2012-03-23 12:04:14.725173086+00:00,2012-03-23 12:04:14.725173086+00:00,417,ID4140
29,36,Milling,2012-03-23 18:53:48.821715783+00:00,2012-03-26 01:11:32.010373520+00:00,418,ID4873
23,38,Turning & Milling,2012-03-25 16:00:00.379876062+00:00,2012-03-25 16:00:00.379876062+00:00,419,ID4140
28,9,Round Grinding,2012-03-25 16:04:53.544198405+00:00,2012-03-25 16:36:26.266569874+00:00,420,ID4355
14,1,Lapping,2012-03-19 23:02:06.972584446+00:00,2012-03-20 02:36:06.972584446+00:00,421,ID4445
19,1,Round Grinding,2012-03-20 22:41:33.299400186+00:00,2012-03-21 05:14:46.571512485+00:00,423,ID4445
27,16,Flat Grinding,2012-03-21 20:26:08.810966152+00:00,2012-03-21 22:21:24.650285582+00:00,424,ID4872
26,39,Round Grinding,2012-03-22 03:19:41.365985167+00:00,2012-03-22 06:26:50.175765142+00:00,425,ID4160
25,1,Turning & Milling,2012-03-22 03:44:18.401897700+00:00,2012-03-22 03:44:18.401897700+00:00,426,ID4445
18,29,Packing,2012-03-22 08:00:00+00:00,2012-03-22 09:00:00+00:00,427,ID4291
24,1,Turning & Milling,2012-03-22 11:59:17.196844791+00:00,2012-03-22 11:59:17.196844791+00:00,428,ID4445
31,1,Lapping,2012-03-22 17:57:03.151194866+00:00,2012-03-22 21:31:03.151194866+00:00,429,ID4445
33,38,Turning & Milling,2012-03-23 04:04:00+00:00,2012-03-23 04:04:00+00:00,430,ID4140
30,38,Turning & Milling,2012-03-23 06:48:02.629153764+00:00,2012-03-23 06:48:02.629153764+00:00,431,ID4140
34,21,Packing,2012-03-23 07:47:52.295758911+00:00,2012-03-23 08:47:52.295758911+00:00,432,ID4491
32,38,Turning & Milling,2012-03-23 12:04:14.725173086+00:00,2012-03-23 12:04:14.725173086+00:00,433,ID4140
23,38,Turning & Milling,2012-03-25 16:00:00.379876062+00:00,2012-03-25 16:00:00.379876062+00:00,434,ID4140
28,37,Round Grinding,2012-03-25 16:36:26.266569874+00:00,2012-03-25 18:30:26.266569874+00:00,435,ID3854
29,38,Milling,2012-03-26 01:11:32.010373520+00:00,2012-03-26 01:11:32.010373520+00:00,436,ID4140
14,12,Lapping,2012-03-20 02:36:06.972584446+00:00,2012-03-20 04:18:24.497697989+00:00,437,ID4528
12,29,Packing,2012-03-20 08:00:00+00:00,2012-03-20 09:00:00+00:00,438,ID4291
19,12,Round Grinding,2012-03-21 05:14:46.571512485+00:00,2012-03-21 05:32:43.786544499+00:00,439,ID4528
27,20,Turn & Mill. & Screw Assem,2012-03-21 22:21:24.650285582+00:00,2012-03-21 22:21:24.650285582+00:00,440,ID4932
25,18,Turning Q.C.,2012-03-22 03:44:18.401897700+00:00,2012-03-22 05:59:01.557683351+00:00,441,ID4287
26,12,Round Grinding,2012-03-22 06:26:50.175765142+00:00,2012-03-22 08:20:13.111299518+00:00,442,ID4528
18,16,Laser Marking,2012-03-22 09:00:00+00:00,2012-03-22 09:25:04.916333204+00:00,443,ID4872
24,38,Turning & Milling,2012-03-22 11:59:17.196844791+00:00,2012-03-22 11:59:17.196844791+00:00,444,ID4140
31,18,Final Inspection Q.C.,2012-03-22 21:31:03.151194866+00:00,2012-03-22 22:05:11.033077154+00:00,445,ID4287
33,38,Turning & Milling,2012-03-23 04:04:00+00:00,2012-03-23 04:04:00+00:00,446,ID4140
30,4,Flat Grinding,2012-03-23 06:48:02.629153764+00:00,2012-03-25 08:41:19.243188059+00:00,447,ID4882
34,0,Final Inspection Q.C.,2012-03-23 08:47:52.295758911+00:00,2012-03-26 02:07:13.091358594+00:00,448,ID4163
32,38,Turning & Milling,2012-03-23 12:04:14.725173086+00:00,2012-03-23 12:04:14.725173086+00:00,449,ID4140
35,12,Lapping,2012-03-23 14:10:24.096690665+00:00,2012-03-23 14:45:50.347352810+00:00,450,ID4528
23,23,Turning & Milling Q.C.,2012-03-25 16:00:00.379876062+00:00,2012-03-25 17:15:00.379876062+00:00,451,ID0937
28,29,Packing,2012-03-25 18:30:26.266569874+00:00,2012-03-26 08:00:00.000000874+00:00,452,ID4291
29,31,Round Grinding,2012-03-26 01:11:32.010373520+00:00,2012-03-26 03:34:15.610401619+00:00,453,ID4109
14,38,Turning & Milling,2012-03-20 04:18:24.497697989+00:00,2012-03-20 04:18:24.497697989+00:00,454,ID4140
27,20,Turn & Mill. & Screw Assem,2012-03-21 22:21:24.650285582+00:00,2012-03-21 22:21:24.650285582+00:00,455,ID4932
25,16,Laser Marking,2012-03-22 05:59:01.557683351+00:00,2012-03-22 07:41:42.536480731+00:00,456,ID4872
26,1,Lapping,2012-03-22 08:20:13.111299518+00:00,2012-03-22 11:54:13.111299518+00:00,457,ID4445
31,18,Turning Q.C.,2012-03-22 22:05:11.033077154+00:00,2012-03-23 00:09:07.393033622+00:00,458,ID4287
33,38,Turning & Milling,2012-03-23 04:04:00+00:00,2012-03-23 04:04:00+00:00,459,ID4140
32,38,Turning & Milling,2012-03-23 12:04:14.725173086+00:00,2012-03-23 12:04:14.725173086+00:00,460,ID4140
35,18,Turning & Milling Q.C.,2012-03-23 14:45:50.347352810+00:00,2012-03-23 15:44:06.906101475+00:00,461,ID4287
36,38,Turning & Milling,2012-03-25 05:56:00+00:00,2012-03-25 05:56:00+00:00,462,ID4140
30,18,Turning & Milling Q.C.,2012-03-25 08:41:19.243188059+00:00,2012-03-25 09:38:54.409612652+00:00,463,ID4287
23,38,Turning & Milling,2012-03-25 17:15:00.379876062+00:00,2012-03-25 17:15:00.379876062+00:00,464,ID4140
34,18,Final Inspection Q.C.,2012-03-26 02:07:13.091358594+00:00,2012-03-26 03:55:18.905694651+00:00,465,ID4287
29,26,Round Grinding,2012-03-26 03:34:15.610401619+00:00,2012-03-26 03:34:15.610401619+00:00,466,ID4385
28,14,Final Inspection Q.C.,2012-03-26 08:00:00.000000874+00:00,2012-03-26 08:01:08.742339025+00:00,467,ID4618
14,1,Lapping,2012-03-20 04:18:24.497697989+00:00,2012-03-20 07:52:24.497697989+00:00,468,ID4445
19,1,Round Grinding,2012-03-21 05:32:43.786544499+00:00,2012-03-21 05:36:26.064838191+00:00,469,ID4445
27,15,Turning & Milling Q.C.,2012-03-21 22:21:24.650285582+00:00,2012-03-21 22:21:24.650285582+00:00,470,ID4167
25,16,Laser Marking,2012-03-22 07:41:42.536480731+00:00,2012-03-22 08:32:23.893724610+00:00,471,ID4872
26,1,Round Grinding,2012-03-22 11:54:13.111299518+00:00,2012-03-22 13:39:11.297043797+00:00,472,ID4445
24,38,Turning & Milling,2012-03-22 11:59:17.196844791+00:00,2012-03-22 11:59:17.196844791+00:00,473,ID4140
31,16,Lapping,2012-03-23 00:09:07.393033622+00:00,2012-03-23 03:54:27.356630219+00:00,474,ID4872
33,13,Turning & Milling Q.C.,2012-03-23 04:04:00+00:00,2012-03-23 04:57:45.946288106+00:00,475,ID4493
32,38,Turning & Milling,2012-03-23 12:04:14.725173086+00:00,2012-03-23 12:04:14.725173086+00:00,476,ID4140
35,13,Final Inspection Q.C.,2012-03-23 15:44:06.906101475+00:00,2012-03-23 18:47:23.962114157+00:00,477,ID4493
36,38,Turning & Milling,2012-03-25 05:56:00+00:00,2012-03-25 05:56:00+00:00,478,ID4140
30,39,Round Grinding,2012-03-25 09:38:54.409612652+00:00,2012-03-25 12:42:55.815410208+00:00,479,ID4160
37,38,Turning & Milling,2012-03-25 12:41:29.290752252+00:00,2012-03-25 12:41:29.290752252+00:00,480,ID4140
23,38,Turning & Milling,2012-03-25 17:15:00.379876062+00:00,2012-03-25 17:15:00.379876062+00:00,481,ID4140
29,30,Round Grinding,2012-03-26 03:34:15.610401619+00:00,2012-03-26 05:45:58.007028560+00:00,482,ID0420
14,39,Round Grinding,2012-03-20 07:52:24.497697989+00:00,2012-03-20 09:47:52.590569571+00:00,483,ID4160
19,13,Final Inspection Q.C.,2012-03-21 05:36:26.064838191+00:00,2012-03-21 06:59:07.960205917+00:00,484,ID4493
27,20,Turn & Mill. & Screw Assem,2012-03-21 22:21:24.650285582+00:00,2012-03-21 22:21:24.650285582+00:00,485,ID4932
25,12,Laser Marking,2012-03-22 08:32:23.893724610+00:00,2012-03-22 08:34:23.893724610+00:00,486,ID4528
24,13,Turning & Milling Q.C.,2012-03-22 11:59:17.196844791+00:00,2012-03-22 13:57:25.415812747+00:00,487,ID4493
26,39,Round Grinding,2012-03-22 13:39:11.297043797+00:00,2012-03-22 16:47:51.548974768+00:00,488,ID4160
31,12,Laser Marking,2012-03-23 03:54:27.356630219+00:00,2012-03-23 03:56:27.356630219+00:00,489,ID4528
33,38,Turning & Milling,2012-03-23 04:57:45.946288106+00:00,2012-03-23 04:57:45.946288106+00:00,490,ID4140
32,38,Turning & Milling,2012-03-23 12:04:14.725173086+00:00,2012-03-23 12:04:14.725173086+00:00,491,ID4140
35,13,Final Inspection Q.C.,2012-03-23 18:47:23.962114157+00:00,2012-03-23 19:54:34.000440802+00:00,492,ID4493
36,38,Turning & Milling,2012-03-25 05:56:00+00:00,2012-03-25 05:56:00+00:00,493,ID4140
37,38,Turning & Milling,2012-03-25 12:41:29.290752252+00:00,2012-03-25 12:41:29.290752252+00:00,494,ID4140
30,1,Round Grinding,2012-03-25 12:42:55.815410208+00:00,2012-03-25 14:16:54.762029345+00:00,495,ID4445
23,13,Turning & Milling Q.C.,2012-03-25 17:15:00.379876062+00:00,2012-03-25 19:29:28.461443914+00:00,496,ID4493
29,23,Turning & Milling Q.C.,2012-03-26 05:45:58.007028560+00:00,2012-03-26 07:00:58.007028560+00:00,497,ID0937
14,38,Turning & Milling,2012-03-20 09:47:52.590569571+00:00,2012-03-20 09:47:52.590569571+00:00,498,ID4140
19,39,Round Grinding,2012-03-21 06:59:07.960205917+00:00,2012-03-21 11:05:55.529922909+00:00,499,ID4160
27,3,Turning & Milling Q.C.,2012-03-21 22:21:24.650285582+00:00,2012-03-21 22:21:24.650285582+00:00,500,ID4529
25,22,Flat Grinding,2012-03-22 08:34:23.893724610+00:00,2012-03-22 13:04:23.893724610+00:00,501,ID3716
24,38,Turning & Milling,2012-03-22 13:57:25.415812747+00:00,2012-03-22 13:57:25.415812747+00:00,502,ID4140
26,13,Final Inspection Q.C.,2012-03-22 16:47:51.548974768+00:00,2012-03-22 18:10:55.720757+00:00,503,ID4493
33,38,Turning & Milling,2012-03-23 04:57:45.946288106+00:00,2012-03-23 04:57:45.946288106+00:00,505,ID4140
32,22,Flat Grinding,2012-03-23 12:04:14.725173086+00:00,2012-03-23 16:34:14.725173086+00:00,506,ID3716
35,13,Final Inspection Q.C.,2012-03-23 19:54:34.000440802+00:00,2012-03-26 00:47:58.714983718+00:00,507,ID4493
36,18,Turning & Milling Q.C.,2012-03-25 05:56:00+00:00,2012-03-25 08:21:54.582643669+00:00,508,ID4287
37,38,Turning & Milling,2012-03-25 12:41:29.290752252+00:00,2012-03-25 12:41:29.290752252+00:00,509,ID4140
30,39,Round Grinding,2012-03-25 14:16:54.762029345+00:00,2012-03-25 17:20:41.663396745+00:00,510,ID4160
23,38,Turning & Milling,2012-03-25 19:29:28.461443914+00:00,2012-03-25 19:29:28.461443914+00:00,511,ID4140
29,16,Round Grinding,2012-03-26 07:00:58.007028560+00:00,2012-03-26 16:58:22.705058983+00:00,512,ID4872
14,12,Round Grinding,2012-03-20 09:47:52.590569571+00:00,2012-03-20 10:06:10.417804702+00:00,513,ID4528
19,12,Round Grinding,2012-03-21 11:05:55.529922909+00:00,2012-03-22 02:05:55.741616896+00:00,514,ID4528
27,24,Turning Rework,2012-03-21 22:21:24.650285582+00:00,2012-03-21 23:21:24.650285582+00:00,515,ID4442
25,12,Flat Grinding,2012-03-22 13:04:23.893724610+00:00,2012-03-22 13:04:23.893724610+00:00,516,ID4528
24,38,Turning & Milling,2012-03-22 13:57:25.415812747+00:00,2012-03-22 13:57:25.415812747+00:00,517,ID4140
31,29,Packing,2012-03-23 07:00:00+00:00,2012-03-23 08:00:00+00:00,518,ID4291
32,23,Turning & Milling Q.C.,2012-03-23 16:34:14.725173086+00:00,2012-03-23 17:49:14.725173086+00:00,519,ID0937
36,12,Flat Grinding,2012-03-25 08:21:54.582643669+00:00,2012-03-25 08:21:54.582643669+00:00,520,ID4528
37,38,Turning & Milling,2012-03-25 12:41:29.290752252+00:00,2012-03-25 12:41:29.290752252+00:00,521,ID4140
30,23,Turning & Milling Q.C.,2012-03-25 17:20:41.663396745+00:00,2012-03-25 18:35:41.663396745+00:00,522,ID0937
23,18,Turning & Milling Q.C.,2012-03-25 19:29:28.461443914+00:00,2012-03-25 20:16:41.529193755+00:00,523,ID4287
29,12,Round Grinding,2012-03-26 16:58:22.705058983+00:00,2012-03-26 18:57:19.423459558+00:00,525,ID4528
27,3,Turning & Milling Q.C.,2012-03-21 23:21:24.650285582+00:00,2012-03-21 23:21:24.650285582+00:00,527,ID4529
19,9,Round Grinding,2012-03-22 02:05:55.741616896+00:00,2012-03-22 02:08:58.591401055+00:00,528,ID4355
25,4,Flat Grinding,2012-03-22 13:04:23.893724610+00:00,2012-03-23 00:08:18.219258647+00:00,529,ID4882
24,38,Turning & Milling,2012-03-22 13:57:25.415812747+00:00,2012-03-22 13:57:25.415812747+00:00,530,ID4140
33,38,Turning & Milling,2012-03-23 04:57:45.946288106+00:00,2012-03-23 04:57:45.946288106+00:00,531,ID4140
31,18,Final Inspection Q.C.,2012-03-23 08:00:00+00:00,2012-03-24 01:41:45.840537991+00:00,532,ID4287
32,9,Round Grinding,2012-03-23 17:49:14.725173086+00:00,2012-03-23 20:40:09.642896126+00:00,533,ID4355
36,9,Lapping,2012-03-25 08:21:54.582643669+00:00,2012-03-25 09:36:54.582643669+00:00,534,ID4355
37,18,Turning & Milling Q.C.,2012-03-25 12:41:29.290752252+00:00,2012-03-25 13:23:47.442984733+00:00,535,ID4287
30,9,Round Grinding,2012-03-25 18:35:41.663396745+00:00,2012-03-25 20:24:25.114846770+00:00,536,ID4355
23,38,Turning & Milling,2012-03-25 20:16:41.529193755+00:00,2012-03-25 20:16:41.529193755+00:00,537,ID4140
35,21,Packing,2012-03-26 08:00:00+00:00,2012-03-26 09:00:00+00:00,538,ID4491
29,18,Turning & Milling Q.C.,2012-03-26 18:57:19.423459558+00:00,2012-03-26 20:37:12.500509411+00:00,539,ID4287
14,23,Turning & Milling Q.C.,2012-03-21 01:19:08.877454718+00:00,2012-03-21 02:34:08.877454718+00:00,540,ID0937
27,23,Laser Marking,2012-03-21 23:21:24.650285582+00:00,2012-03-21 23:21:24.650285582+00:00,541,ID0937
19,23,Round Grinding,2012-03-22 02:08:58.591401055+00:00,2012-03-22 02:49:39.355719331+00:00,542,ID0937
24,38,Turning & Milling,2012-03-22 13:57:25.415812747+00:00,2012-03-22 13:57:25.415812747+00:00,543,ID4140
25,13,Final Inspection Q.C.,2012-03-23 00:08:18.219258647+00:00,2012-03-23 01:11:42.036631758+00:00,544,ID4493
33,38,Turning & Milling,2012-03-23 04:57:45.946288106+00:00,2012-03-23 04:57:45.946288106+00:00,545,ID4140
32,23,Lapping,2012-03-23 20:40:09.642896126+00:00,2012-03-23 20:48:20.926491032+00:00,546,ID0937
37,38,Turning & Milling,2012-03-25 13:23:47.442984733+00:00,2012-03-25 13:23:47.442984733+00:00,547,ID4140
23,4,Lapping,2012-03-25 20:16:41.529193755+00:00,2012-03-25 21:50:38.653044146+00:00,548,ID4882
30,23,Round Grinding,2012-03-25 20:24:25.114846770+00:00,2012-03-25 21:23:53.409624988+00:00,549,ID0937
14,24,Turning,2012-03-21 02:34:08.877454718+00:00,2012-03-21 07:04:08.877454718+00:00,550,ID4442
27,22,Flat Grinding,2012-03-21 23:21:24.650285582+00:00,2012-03-22 03:51:24.650285582+00:00,551,ID3716
19,13,Round Grinding,2012-03-22 02:49:39.355719331+00:00,2012-03-22 04:07:11.180001871+00:00,552,ID4493
24,13,Turning & Milling Q.C.,2012-03-22 13:57:25.415812747+00:00,2012-03-22 16:08:51.879404319+00:00,553,ID4493
33,38,Turning & Milling,2012-03-23 04:57:45.946288106+00:00,2012-03-23 04:57:45.946288106+00:00,555,ID4140
32,1,Round Grinding,2012-03-23 20:48:20.926491032+00:00,2012-03-25 00:29:06.257787849+00:00,556,ID4445
36,1,Round Grinding,2012-03-25 09:36:54.582643669+00:00,2012-03-25 11:32:27.092563783+00:00,557,ID4445
37,38,Turning & Milling,2012-03-25 13:23:47.442984733+00:00,2012-03-25 13:23:47.442984733+00:00,558,ID4140
30,1,Round Grinding,2012-03-25 21:23:53.409624988+00:00,2012-03-25 22:16:24.096436351+00:00,559,ID4445
23,23,Turning & Milling Q.C.,2012-03-25 21:50:38.653044146+00:00,2012-03-25 23:05:38.653044146+00:00,560,ID0937
29,13,Turning & Milling Q.C.,2012-03-26 20:37:12.500509411+00:00,2012-03-26 22:25:41.016460860+00:00,561,ID4493
14,38,Turning & Milling,2012-03-21 07:04:08.877454718+00:00,2012-03-21 07:04:08.877454718+00:00,562,ID4140
27,0,Turning & Milling Q.C.,2012-03-22 03:51:24.650285582+00:00,2012-03-22 04:57:11.693645850+00:00,563,ID4163
24,38,Turning & Milling,2012-03-22 16:08:51.879404319+00:00,2012-03-22 16:08:51.879404319+00:00,565,ID4140
33,0,Turning & Milling Q.C.,2012-03-23 04:57:45.946288106+00:00,2012-03-23 05:57:33.654593328+00:00,566,ID4163
32,39,Round Grinding,2012-03-25 00:29:06.257787849+00:00,2012-03-26 00:27:42.473379847+00:00,568,ID4160
36,37,Round Grinding,2012-03-25 11:32:27.092563783+00:00,2012-03-25 13:26:27.092563783+00:00,569,ID3854
37,38,Turning & Milling,2012-03-25 13:23:47.442984733+00:00,2012-03-25 13:23:47.442984733+00:00,570,ID4140
30,10,Lapping,2012-03-25 22:16:24.096436351+00:00,2012-03-25 22:41:41.659140453+00:00,571,ID0998
23,38,Turning & Milling,2012-03-25 23:05:38.653044146+00:00,2012-03-25 23:05:38.653044146+00:00,572,ID4140
29,0,Turning & Milling Q.C.,2012-03-26 22:25:41.016460860+00:00,2012-03-27 02:08:50.087689938+00:00,573,ID4163
14,22,Flat Grinding,2012-03-21 07:04:08.877454718+00:00,2012-03-21 11:34:08.877454718+00:00,574,ID3716
27,9,Lapping,2012-03-22 04:57:11.693645850+00:00,2012-03-22 06:12:11.693645850+00:00,575,ID4355
24,38,Turning & Milling,2012-03-22 16:08:51.879404319+00:00,2012-03-22 16:08:51.879404319+00:00,577,ID4140
33,38,Turning & Milling,2012-03-23 05:57:33.654593328+00:00,2012-03-23 05:57:33.654593328+00:00,578,ID4140
25,29,Packing,2012-03-23 08:47:52.295758911+00:00,2012-03-25 07:47:52.295758911+00:00,579,ID4291
37,38,Turning & Milling,2012-03-25 13:23:47.442984733+00:00,2012-03-25 13:23:47.442984733+00:00,580,ID4140
36,9,Round Grinding,2012-03-25 13:26:27.092563783+00:00,2012-03-25 14:05:06.713607990+00:00,581,ID4355
30,14,Turning & Milling Q.C.,2012-03-25 22:41:41.659140453+00:00,2012-03-25 22:46:57.624091195+00:00,582,ID4618
23,37,Round Grinding,2012-03-25 23:05:38.653044146+00:00,2012-03-26 00:59:38.653044146+00:00,583,ID3854
32,9,Round Grinding,2012-03-26 00:27:42.473379847+00:00,2012-03-26 01:56:02.353893089+00:00,584,ID4355
29,14,Turning & Milling Q.C.,2012-03-27 02:08:50.087689938+00:00,2012-03-28 01:36:54.942417646+00:00,585,ID4618
14,23,Turning & Milling Q.C.,2012-03-21 11:34:08.877454718+00:00,2012-03-22 00:49:08.877454718+00:00,586,ID0937
27,23,Round Grinding,2012-03-22 06:12:11.693645850+00:00,2012-03-22 06:31:04.332393751+00:00,587,ID0937
19,19,Packing,2012-03-22 08:00:00+00:00,2012-03-22 08:00:00+00:00,588,ID4820
24,23,Turning & Milling Q.C.,2012-03-22 16:08:51.879404319+00:00,2012-03-22 17:23:51.879404319+00:00,589,ID0937
33,23,Turning & Milling Q.C.,2012-03-23 05:57:33.654593328+00:00,2012-03-23 07:12:33.654593328+00:00,590,ID0937
36,23,Round Grinding,2012-03-25 14:05:06.713607990+00:00,2012-03-25 14:10:48.946593723+00:00,591,ID0937
30,4,Lapping,2012-03-25 22:46:57.624091195+00:00,2012-03-25 22:47:37.030076002+00:00,592,ID4882
23,38,Turning & Milling,2012-03-26 00:59:38.653044146+00:00,2012-03-26 00:59:38.653044146+00:00,593,ID4140
32,23,Round Grinding,2012-03-26 01:56:02.353893089+00:00,2012-03-26 03:10:01.761051301+00:00,594,ID0937
14,37,Round Grinding,2012-03-22 00:49:08.877454718+00:00,2012-03-22 02:43:08.877454718+00:00,595,ID3854
27,37,Round Grinding,2012-03-22 06:31:04.332393751+00:00,2012-03-22 08:25:04.332393751+00:00,596,ID3854
19,4,Lapping,2012-03-22 08:00:00+00:00,2012-03-23 01:45:34.522495677+00:00,597,ID4882
24,23,Turning & Milling Q.C.,2012-03-22 17:23:51.879404319+00:00,2012-03-22 18:38:51.879404319+00:00,598,ID0937
33,38,Turning & Milling,2012-03-23 07:12:33.654593328+00:00,2012-03-23 07:12:33.654593328+00:00,599,ID4140
37,18,Turning & Milling Q.C.,2012-03-25 13:23:47.442984733+00:00,2012-03-25 14:37:34.538490222+00:00,600,ID4287
36,37,Round Grinding,2012-03-25 14:10:48.946593723+00:00,2012-03-25 16:04:48.946593723+00:00,601,ID3854
30,1,Round Grinding,2012-03-25 22:47:37.030076002+00:00,2012-03-25 22:53:13.978215460+00:00,602,ID4445
23,18,Turning & Milling Q.C.,2012-03-26 00:59:38.653044146+00:00,2012-03-26 01:37:15.056926974+00:00,603,ID4287
32,23,Laser Marking,2012-03-26 03:10:01.761051301+00:00,2012-03-26 03:10:01.761051301+00:00,604,ID0937
14,37,Round Grinding,2012-03-22 02:43:08.877454718+00:00,2012-03-22 04:37:08.877454718+00:00,605,ID3854
27,37,Round Grinding,2012-03-22 08:25:04.332393751+00:00,2012-03-22 10:19:04.332393751+00:00,606,ID3854
24,38,Turning & Milling,2012-03-22 18:38:51.879404319+00:00,2012-03-22 18:38:51.879404319+00:00,607,ID4140
19,37,Round Grinding,2012-03-23 01:45:34.522495677+00:00,2012-03-23 03:39:34.522495677+00:00,608,ID3854
33,38,Turning & Milling,2012-03-23 07:12:33.654593328+00:00,2012-03-23 07:12:33.654593328+00:00,609,ID4140
37,18,Nitration Q.C.,2012-03-25 14:37:34.538490222+00:00,2012-03-25 16:17:34.538490222+00:00,610,ID4287
36,1,Round Grinding,2012-03-25 16:04:48.946593723+00:00,2012-03-25 16:33:58.586089007+00:00,611,ID4445
30,19,Packing,2012-03-25 22:53:13.978215460+00:00,2012-03-25 22:53:13.978215460+00:00,612,ID4820
23,37,Round Grinding,2012-03-26 01:37:15.056926974+00:00,2012-03-26 03:31:15.056926974+00:00,613,ID3854
32,23,Laser Marking,2012-03-26 03:10:01.761051301+00:00,2012-03-26 03:10:01.761051301+00:00,614,ID0937
14,1,Round Grinding,2012-03-22 04:37:08.877454718+00:00,2012-03-22 05:52:10.821334191+00:00,615,ID4445
27,23,Round Grinding,2012-03-22 10:19:04.332393751+00:00,2012-03-22 10:20:33.822128653+00:00,616,ID0937
24,23,Turning & Milling Q.C.,2012-03-22 18:38:51.879404319+00:00,2012-03-22 19:53:51.879404319+00:00,617,ID0937
19,1,Lapping,2012-03-23 03:39:34.522495677+00:00,2012-03-23 07:13:34.522495677+00:00,618,ID4445
33,23,Turning & Milling Q.C.,2012-03-23 07:12:33.654593328+00:00,2012-03-23 08:27:33.654593328+00:00,619,ID0937
37,4,Laser Marking,2012-03-25 16:17:34.538490222+00:00,2012-03-25 17:28:50.241106509+00:00,620,ID4882
36,18,Final Inspection Q.C.,2012-03-25 16:33:58.586089007+00:00,2012-03-25 17:35:09.087072046+00:00,621,ID4287
30,1,Round Grinding,2012-03-25 22:53:13.978215460+00:00,2012-03-25 23:08:42.549973649+00:00,622,ID4445
32,13,Final Inspection Q.C.,2012-03-26 03:10:01.761051301+00:00,2012-03-26 03:59:24.351230585+00:00,623,ID4493
23,23,Round Grinding,2012-03-26 03:31:15.056926974+00:00,2012-03-26 03:49:03.030942493+00:00,624,ID0937
14,13,Turning & Milling Q.C.,2012-03-22 05:52:10.821334191+00:00,2012-03-22 08:52:51.455828408+00:00,625,ID4493
27,18,Final Inspection Q.C.,2012-03-22 10:20:33.822128653+00:00,2012-03-22 11:11:33.447102046+00:00,626,ID4287
24,38,Turning & Milling,2012-03-22 19:53:51.879404319+00:00,2012-03-22 19:53:51.879404319+00:00,627,ID4140
19,13,Final Inspection Q.C.,2012-03-23 07:13:34.522495677+00:00,2012-03-24 01:11:19.378949025+00:00,628,ID4493
33,23,Turning & Milling Q.C.,2012-03-23 08:27:33.654593328+00:00,2012-03-24 01:42:33.654593328+00:00,629,ID0937
37,2,Laser Marking,2012-03-25 17:28:50.241106509+00:00,2012-03-25 17:28:50.241106509+00:00,630,ID4794
36,2,Laser Marking,2012-03-25 17:35:09.087072046+00:00,2012-03-25 17:35:09.087072046+00:00,631,ID4794
30,24,Turning,2012-03-25 23:08:42.549973649+00:00,2012-03-26 03:38:42.549973649+00:00,632,ID4442
23,23,Round Grinding,2012-03-26 03:49:03.030942493+00:00,2012-03-26 04:53:42.466494048+00:00,633,ID0937
32,18,Final Inspection Q.C.,2012-03-26 03:59:24.351230585+00:00,2012-03-26 08:49:36.450543551+00:00,634,ID4287
14,13,Round Grinding,2012-03-22 08:52:51.455828408+00:00,2012-03-22 08:59:44.369956392+00:00,635,ID4493
27,14,Final Inspection Q.C.,2012-03-22 11:11:33.447102046+00:00,2012-03-25 15:25:31.272973189+00:00,636,ID4618
24,38,Turning & Milling,2012-03-22 19:53:51.879404319+00:00,2012-03-22 19:53:51.879404319+00:00,637,ID4140
19,39,Round Grinding,2012-03-24 01:11:19.378949025+00:00,2012-03-26 02:46:41.722424248+00:00,638,ID4160
33,9,Laser Marking,2012-03-24 01:42:33.654593328+00:00,2012-03-25 00:49:46.058273672+00:00,639,ID4355
37,4,Lapping,2012-03-25 17:28:50.241106509+00:00,2012-03-25 17:28:50.305505036+00:00,640,ID4882
36,14,Laser Marking,2012-03-25 17:35:09.087072046+00:00,2012-03-25 17:35:09.087072046+00:00,641,ID4618
30,14,Final Inspection Q.C.,2012-03-26 03:38:42.549973649+00:00,2012-03-27 00:04:45.614833577+00:00,642,ID4618
23,13,Round Grinding,2012-03-26 04:53:42.466494048+00:00,2012-03-26 05:17:10.395097392+00:00,643,ID4493
32,29,Packing,2012-03-26 08:49:36.450543551+00:00,2012-03-27 07:49:36.450543551+00:00,644,ID4291
14,9,Round Grinding,2012-03-22 08:59:44.369956392+00:00,2012-03-22 09:14:22.445138384+00:00,645,ID4355
24,38,Turning & Milling,2012-03-22 19:53:51.879404319+00:00,2012-03-22 19:53:51.879404319+00:00,646,ID4140
33,9,Lapping,2012-03-25 00:49:46.058273672+00:00,2012-03-26 01:04:46.058273672+00:00,647,ID4355
27,19,Packing,2012-03-25 15:25:31.272973189+00:00,2012-03-25 15:25:31.272973189+00:00,648,ID4820
37,31,Round Grinding,2012-03-25 17:28:50.305505036+00:00,2012-03-25 20:16:03.917767516+00:00,649,ID4109
36,19,Packing,2012-03-25 17:35:09.087072046+00:00,2012-03-25 17:35:09.087072046+00:00,650,ID4820
19,14,Final Inspection Q.C.,2012-03-26 02:46:41.722424248+00:00,2012-03-27 00:35:07.736118447+00:00,651,ID4618
23,4,Lapping,2012-03-26 05:17:10.395097392+00:00,2012-03-27 00:08:19.755698675+00:00,652,ID4882
30,25,Turning,2012-03-27 00:04:45.614833577+00:00,2012-03-27 00:30:39.870655204+00:00,653,ID4132
14,31,Round Grinding,2012-03-22 09:14:22.445138384+00:00,2012-03-22 11:12:10.455602764+00:00,654,ID4109
24,38,Turning & Milling,2012-03-22 19:53:51.879404319+00:00,2012-03-22 19:53:51.879404319+00:00,655,ID4140
27,14,Final Inspection Q.C.,2012-03-25 15:25:31.272973189+00:00,2012-03-25 18:15:29.728908824+00:00,656,ID4618
36,18,Final Inspection Q.C.,2012-03-25 17:35:09.087072046+00:00,2012-03-25 19:01:28.111746817+00:00,657,ID4287
37,31,Round Grinding,2012-03-25 20:16:03.917767516+00:00,2012-03-25 22:32:56.765933289+00:00,658,ID4109
33,10,Lapping,2012-03-26 01:04:46.058273672+00:00,2012-03-26 01:52:24.096826834+00:00,659,ID0998
23,18,Turning & Milling Q.C.,2012-03-27 00:08:19.755698675+00:00,2012-03-27 00:47:58.791910209+00:00,660,ID4287
30,1,Lapping,2012-03-27 00:30:39.870655204+00:00,2012-03-27 04:04:39.870655204+00:00,661,ID4445
19,31,Round Grinding,2012-03-27 00:35:07.736118447+00:00,2012-03-27 02:25:30.369651315+00:00,662,ID4109
14,9,Lapping,2012-03-22 11:12:10.455602764+00:00,2012-03-22 12:27:10.455602764+00:00,663,ID4355
24,23,Turning & Milling Q.C.,2012-03-22 19:53:51.879404319+00:00,2012-03-22 21:08:51.879404319+00:00,664,ID0937
37,30,Lapping,2012-03-25 22:32:56.765933289+00:00,2012-03-25 23:41:38.536054222+00:00,665,ID0420
33,26,Round Grinding,2012-03-26 01:52:24.096826834+00:00,2012-03-26 01:52:24.096826834+00:00,666,ID4385
23,9,Round Grinding,2012-03-27 00:47:58.791910209+00:00,2012-03-27 01:43:40.256898578+00:00,667,ID4355
19,23,Round Grinding,2012-03-27 02:25:30.369651315+00:00,2012-03-27 02:26:07.173891089+00:00,668,ID0937
30,30,Round Grinding,2012-03-27 04:04:39.870655204+00:00,2012-03-27 04:29:42.638341016+00:00,669,ID0420
14,0,Turning & Milling Q.C.,2012-03-22 12:27:10.455602764+00:00,2012-03-22 12:55:31.843619141+00:00,670,ID4163
24,38,Turning & Milling,2012-03-22 21:08:51.879404319+00:00,2012-03-22 21:08:51.879404319+00:00,671,ID4140
33,14,Round Grinding,2012-03-26 01:52:24.096826834+00:00,2012-03-26 00:56:37.338873086+00:00,672,ID4618
23,14,Round Grinding,2012-03-27 01:43:40.256898578+00:00,2012-03-27 01:59:22.728841648+00:00,673,ID4618
19,0,Round Grinding,2012-03-27 02:26:07.173891089+00:00,2012-03-27 03:14:16.000584687+00:00,674,ID4163
30,26,Round Grinding,2012-03-27 04:29:42.638341016+00:00,2012-03-27 04:29:42.638341016+00:00,675,ID4385
14,16,Lapping,2012-03-22 12:55:31.843619141+00:00,2012-03-22 15:38:58.376895057+00:00,676,ID4872
24,38,Turning & Milling,2012-03-22 21:08:51.879404319+00:00,2012-03-22 21:08:51.879404319+00:00,677,ID4140
37,16,Laser Marking,2012-03-25 23:41:38.536054222+00:00,2012-03-26 00:35:26.246771474+00:00,678,ID4872
33,16,Round Grinding,2012-03-26 00:56:37.338873086+00:00,2012-03-26 01:08:44.177821092+00:00,679,ID4872
23,16,Lapping,2012-03-27 01:59:22.728841648+00:00,2012-03-27 03:18:40.990318746+00:00,680,ID4872
19,26,Round Grinding,2012-03-27 03:14:16.000584687+00:00,2012-03-27 03:14:16.000584687+00:00,681,ID4385
30,39,Round Grinding,2012-03-27 04:29:42.638341016+00:00,2012-03-27 09:34:59.121158287+00:00,682,ID4160
14,37,Round Grinding,2012-03-22 15:38:58.376895057+00:00,2012-03-22 17:32:58.376895057+00:00,683,ID3854
24,38,Turning & Milling,2012-03-22 21:08:51.879404319+00:00,2012-03-22 21:08:51.879404319+00:00,684,ID4140
37,2,Laser Marking,2012-03-26 00:35:26.246771474+00:00,2012-03-26 00:35:26.246771474+00:00,685,ID4794
33,13,Round Grinding,2012-03-26 01:08:44.177821092+00:00,2012-03-26 01:08:48.829229315+00:00,686,ID4493
19,13,Final Inspection Q.C.,2012-03-27 03:14:16.000584687+00:00,2012-03-27 06:22:06.653953496+00:00,687,ID4493
23,37,Round Grinding,2012-03-27 03:18:40.990318746+00:00,2012-03-27 05:12:40.990318746+00:00,688,ID3854
30,12,Round Grinding,2012-03-27 09:34:59.121158287+00:00,2012-03-27 16:15:18.096767702+00:00,689,ID4528
14,19,Packing,2012-03-22 17:32:58.376895057+00:00,2012-03-22 17:32:58.376895057+00:00,690,ID4820
24,38,Turning & Milling,2012-03-22 21:08:51.879404319+00:00,2012-03-22 21:08:51.879404319+00:00,691,ID4140
37,14,Round Grinding,2012-03-26 00:35:26.246771474+00:00,2012-03-26 00:56:47.089430772+00:00,692,ID4618
33,14,Round Grinding,2012-03-26 01:08:48.829229315+00:00,2012-03-27 00:13:47.009122721+00:00,693,ID4618
23,18,Round Grinding,2012-03-27 05:12:40.990318746+00:00,2012-03-27 05:15:35.627759666+00:00,694,ID4287
30,9,Round Grinding,2012-03-27 16:15:18.096767702+00:00,2012-03-27 17:28:55.585591331+00:00,696,ID4355
14,31,Round Grinding,2012-03-22 17:32:58.376895057+00:00,2012-03-22 21:50:43.758489232+00:00,697,ID4109
24,38,Turning & Milling,2012-03-22 21:08:51.879404319+00:00,2012-03-22 21:08:51.879404319+00:00,698,ID4140
37,2,Laser Marking,2012-03-26 00:56:47.089430772+00:00,2012-03-26 00:56:47.089430772+00:00,699,ID4794
33,23,Round Grinding,2012-03-27 00:13:47.009122721+00:00,2012-03-27 00:32:22.414934005+00:00,700,ID0937
23,31,Round Grinding,2012-03-27 05:15:35.627759666+00:00,2012-03-27 07:13:26.807630359+00:00,701,ID4109
19,21,Packing,2012-03-27 07:49:36.450543551+00:00,2012-03-27 08:49:36.450543551+00:00,702,ID4491
30,23,Round Grinding,2012-03-27 17:28:55.585591331+00:00,2012-03-27 17:39:20.088276655+00:00,703,ID0937
24,0,Turning & Milling Q.C.,2012-03-22 21:08:51.879404319+00:00,2012-03-22 21:53:57.966948150+00:00,704,ID4163
14,7,Turning,2012-03-22 21:50:43.758489232+00:00,2012-03-22 21:50:43.758489232+00:00,705,ID4219
37,4,Lapping,2012-03-26 00:56:47.089430772+00:00,2012-03-26 01:58:51.642489445+00:00,706,ID4882
33,30,Round Grinding,2012-03-27 00:32:22.414934005+00:00,2012-03-27 00:53:07.088645598+00:00,707,ID0420
23,0,Round Grinding,2012-03-27 07:13:26.807630359+00:00,2012-03-27 10:02:19.171916741+00:00,708,ID4163
19,19,Packing,2012-03-27 08:49:36.450543551+00:00,2012-03-27 08:49:36.450543551+00:00,709,ID4820
30,30,Round Grinding,2012-03-27 17:39:20.088276655+00:00,2012-03-27 19:30:07.696028924+00:00,710,ID0420
14,13,Final Inspection Q.C.,2012-03-22 21:50:43.758489232+00:00,2012-03-22 22:47:42.997846607+00:00,711,ID4493
24,38,Turning & Milling,2012-03-22 21:53:57.966948150+00:00,2012-03-22 21:53:57.966948150+00:00,712,ID4140
37,10,Lapping,2012-03-26 01:58:51.642489445+00:00,2012-03-27 00:43:41.524145640+00:00,713,ID0998
33,13,Final Inspection Q.C.,2012-03-27 00:53:07.088645598+00:00,2012-03-27 01:15:11.671904351+00:00,714,ID4493
30,40,Turning,2012-03-27 19:30:07.696028924+00:00,2012-03-27 20:30:06.696028924+00:00,715,ID3718
24,38,Turning & Milling,2012-03-22 21:53:57.966948150+00:00,2012-03-22 21:53:57.966948150+00:00,716,ID4140
14,7,Turning,2012-03-22 22:47:42.997846607+00:00,2012-03-22 22:47:42.997846607+00:00,717,ID4219
37,14,Round Grinding,2012-03-27 00:43:41.524145640+00:00,2012-03-27 00:43:41.524145640+00:00,718,ID4618
33,14,Final Inspection Q.C.,2012-03-27 01:15:11.671904351+00:00,2012-03-27 01:38:33.139736998+00:00,719,ID4618
23,13,Round Grinding,2012-03-27 10:02:19.171916741+00:00,2012-03-27 10:02:49.318693369+00:00,720,ID4493
30,26,Round Grinding,2012-03-27 20:30:06.696028924+00:00,2012-03-27 20:30:06.696028924+00:00,721,ID4385
24,38,Turning & Milling,2012-03-22 21:53:57.966948150+00:00,2012-03-22 21:53:57.966948150+00:00,722,ID4140
14,16,Lapping,2012-03-22 22:47:42.997846607+00:00,2012-03-22 23:42:08.784563492+00:00,723,ID4872
37,14,Round Grinding,2012-03-27 00:43:41.524145640+00:00,2012-03-27 00:55:10.580918834+00:00,724,ID4618
23,16,Round Grinding,2012-03-27 10:02:49.318693369+00:00,2012-03-27 10:46:09.994185382+00:00,726,ID4872
30,18,Final Inspection Q.C.,2012-03-27 20:30:06.696028924+00:00,2012-03-27 22:14:09.321607854+00:00,727,ID4287
24,38,Turning & Milling,2012-03-22 21:53:57.966948150+00:00,2012-03-22 21:53:57.966948150+00:00,728,ID4140
14,26,Round Grinding,2012-03-22 23:42:08.784563492+00:00,2012-03-22 23:42:08.784563492+00:00,729,ID4385
37,37,Round Grinding,2012-03-27 00:55:10.580918834+00:00,2012-03-27 02:49:10.580918834+00:00,730,ID3854
23,26,Round Grinding,2012-03-27 10:46:09.994185382+00:00,2012-03-27 10:46:09.994185382+00:00,732,ID4385
30,26,Round Grinding,2012-03-27 22:14:09.321607854+00:00,2012-03-27 22:14:09.321607854+00:00,733,ID4385
24,0,Turning & Milling Q.C.,2012-03-22 21:53:57.966948150+00:00,2012-03-22 23:28:12.206412159+00:00,734,ID4163
14,0,Round Grinding,2012-03-22 23:42:08.784563492+00:00,2012-03-23 02:05:07.068456738+00:00,735,ID4163
37,18,Final Inspection Q.C.,2012-03-27 02:49:10.580918834+00:00,2012-03-27 03:42:59.898894083+00:00,736,ID4287
33,19,Packing,2012-03-27 08:49:36.450543551+00:00,2012-03-27 08:49:36.450543551+00:00,737,ID4820
23,26,Round Grinding,2012-03-27 10:46:09.994185382+00:00,2012-03-27 10:46:09.994185382+00:00,738,ID4385
30,26,Round Grinding,2012-03-27 22:14:09.321607854+00:00,2012-03-27 22:14:09.321607854+00:00,739,ID4385
24,38,Turning & Milling,2012-03-22 23:28:12.206412159+00:00,2012-03-22 23:28:12.206412159+00:00,740,ID4140
14,26,Round Grinding,2012-03-23 02:05:07.068456738+00:00,2012-03-23 02:05:07.068456738+00:00,741,ID4385
37,26,Round Grinding,2012-03-27 03:42:59.898894083+00:00,2012-03-27 03:42:59.898894083+00:00,742,ID4385
30,7,Turning,2012-03-27 22:14:09.321607854+00:00,2012-03-27 22:14:09.321607854+00:00,743,ID4219
24,38,Milling,2012-03-22 23:28:12.206412159+00:00,2012-03-22 23:28:12.206412159+00:00,744,ID4140
14,26,Round Grinding,2012-03-23 02:05:07.068456738+00:00,2012-03-23 02:05:07.068456738+00:00,745,ID4385
37,26,Round Grinding,2012-03-27 03:42:59.898894083+00:00,2012-03-27 03:42:59.898894083+00:00,746,ID4385
23,0,Round Grinding,2012-03-27 10:46:09.994185382+00:00,2012-03-27 13:58:06.214087934+00:00,747,ID4163
30,37,Round Grinding,2012-03-27 22:14:09.321607854+00:00,2012-03-28 00:08:09.321607854+00:00,748,ID3854
24,38,Milling,2012-03-22 23:28:12.206412159+00:00,2012-03-22 23:28:12.206412159+00:00,749,ID4140
14,26,Round Grinding,2012-03-23 02:05:07.068456738+00:00,2012-03-23 02:05:07.068456738+00:00,750,ID4385
37,26,Round Grinding,2012-03-27 03:42:59.898894083+00:00,2012-03-27 03:42:59.898894083+00:00,751,ID4385
23,26,Round Grinding,2012-03-27 13:58:06.214087934+00:00,2012-03-27 13:58:06.214087934+00:00,752,ID4385
30,26,Round Grinding,2012-03-28 00:08:09.321607854+00:00,2012-03-28 00:08:09.321607854+00:00,753,ID4385
24,13,Final Inspection Q.C.,2012-03-22 23:28:12.206412159+00:00,2012-03-22 23:56:09.872857867+00:00,754,ID4493
14,13,Round Grinding,2012-03-23 02:05:07.068456738+00:00,2012-03-23 02:14:50.967882854+00:00,755,ID4493
37,26,Round Grinding,2012-03-27 03:42:59.898894083+00:00,2012-03-27 03:42:59.898894083+00:00,756,ID4385
23,13,Round Grinding,2012-03-27 13:58:06.214087934+00:00,2012-03-27 14:05:29.056017291+00:00,757,ID4493
30,18,Final Inspection Q.C.,2012-03-28 00:08:09.321607854+00:00,2012-03-28 02:18:38.900816931+00:00,758,ID4287
24,38,Turning & Milling,2012-03-22 23:56:09.872857867+00:00,2012-03-22 23:56:09.872857867+00:00,759,ID4140
14,26,Round Grinding,2012-03-23 02:14:50.967882854+00:00,2012-03-23 02:14:50.967882854+00:00,760,ID4385
37,26,Round Grinding,2012-03-27 03:42:59.898894083+00:00,2012-03-27 03:42:59.898894083+00:00,761,ID4385
23,26,Round Grinding,2012-03-27 14:05:29.056017291+00:00,2012-03-27 14:05:29.056017291+00:00,762,ID4385
30,7,Turning,2012-03-28 02:18:38.900816931+00:00,2012-03-28 02:18:38.900816931+00:00,763,ID4219
24,38,Milling,2012-03-22 23:56:09.872857867+00:00,2012-03-22 23:56:09.872857867+00:00,764,ID4140
14,5,Turning,2012-03-23 02:14:50.967882854+00:00,2012-03-25 14:29:08.771043972+00:00,765,ID0997
23,2,Laser Marking,2012-03-27 14:05:29.056017291+00:00,2012-03-27 14:05:29.056017291+00:00,767,ID4794
24,38,Milling,2012-03-22 23:56:09.872857867+00:00,2012-03-22 23:56:09.872857867+00:00,769,ID4140
14,26,Round Grinding,2012-03-25 14:29:08.771043972+00:00,2012-03-25 14:29:08.771043972+00:00,770,ID4385
23,26,Round Grinding,2012-03-27 14:05:29.056017291+00:00,2012-03-27 14:05:29.056017291+00:00,772,ID4385
30,29,Packing,2012-03-28 07:00:00+00:00,2012-03-28 08:00:00+00:00,773,ID4291
24,38,Milling,2012-03-22 23:56:09.872857867+00:00,2012-03-22 23:56:09.872857867+00:00,774,ID4140
37,19,Packing,2012-03-27 08:49:36.450543551+00:00,2012-03-27 08:49:36.450543551+00:00,776,ID4820
23,26,Round Grinding,2012-03-27 14:05:29.056017291+00:00,2012-03-27 14:05:29.056017291+00:00,777,ID4385
30,14,Final Inspection Q.C.,2012-03-28 08:00:00+00:00,2012-04-01 15:13:29.669718804+00:00,778,ID4618
24,38,Milling,2012-03-22 23:56:09.872857867+00:00,2012-03-22 23:56:09.872857867+00:00,779,ID4140
37,4,Lapping,2012-03-27 08:49:36.450543551+00:00,2012-03-27 08:55:19.288664040+00:00,781,ID4882
23,2,Laser Marking,2012-03-27 14:05:29.056017291+00:00,2012-03-27 14:05:29.056017291+00:00,782,ID4794
30,11,Turning,2012-04-01 15:13:29.669718804+00:00,2012-04-02 00:17:16.854049646+00:00,783,ID3846
24,38,Milling,2012-03-22 23:56:09.872857867+00:00,2012-03-22 23:56:09.872857867+00:00,784,ID4140
37,26,Round Grinding,2012-03-27 08:55:19.288664040+00:00,2012-03-27 08:55:19.288664040+00:00,786,ID4385
23,0,Final Inspection Q.C.,2012-03-27 14:05:29.056017291+00:00,2012-03-27 16:18:58.542279966+00:00,787,ID4163
30,13,Final Inspection Q.C.,2012-04-02 00:17:16.854049646+00:00,2012-04-02 01:00:58.696948763+00:00,788,ID4493
24,38,Turning & Milling,2012-03-22 23:56:09.872857867+00:00,2012-03-22 23:56:09.872857867+00:00,789,ID4140
14,14,Final Inspection Q.C.,2012-03-25 18:15:29.728908824+00:00,2012-03-25 18:51:23.385822608+00:00,790,ID4618
37,10,Lapping,2012-03-27 08:55:19.288664040+00:00,2012-03-28 00:26:58.638123823+00:00,791,ID0998
23,0,Final Inspection Q.C.,2012-03-27 16:18:58.542279966+00:00,2012-03-27 17:54:05.593341518+00:00,792,ID4163
24,38,Milling,2012-03-22 23:56:09.872857867+00:00,2012-03-22 23:56:09.872857867+00:00,793,ID4140
14,14,Round Grinding,2012-03-25 18:51:23.385822608+00:00,2012-03-25 19:23:36.641281130+00:00,794,ID4618
23,19,Packing,2012-03-27 17:54:05.593341518+00:00,2012-03-27 17:54:05.593341518+00:00,795,ID4820
37,0,Final Inspection Q.C.,2012-03-28 00:26:58.638123823+00:00,2012-03-28 02:19:08.977784761+00:00,796,ID4163
24,38,Milling,2012-03-22 23:56:09.872857867+00:00,2012-03-22 23:56:09.872857867+00:00,797,ID4140
14,14,Round Grinding,2012-03-25 19:23:36.641281130+00:00,2012-03-25 20:38:04.035333090+00:00,798,ID4618
23,18,Final Inspection Q.C.,2012-03-27 17:54:05.593341518+00:00,2012-03-27 19:00:43.077984360+00:00,799,ID4287
37,14,Round Grinding,2012-03-28 02:19:08.977784761+00:00,2012-03-28 02:19:08.977784761+00:00,800,ID4618
24,38,Milling,2012-03-22 23:56:09.872857867+00:00,2012-03-22 23:56:09.872857867+00:00,801,ID4140
14,8,Turning,2012-03-25 20:38:04.035333090+00:00,2012-03-26 08:25:13.976903260+00:00,802,ID4641
24,38,Milling,2012-03-22 23:56:09.872857867+00:00,2012-03-22 23:56:09.872857867+00:00,803,ID4140
14,1,Round Grinding,2012-03-26 08:25:13.976903260+00:00,2012-03-26 08:44:12.110720768+00:00,804,ID4445
37,18,Final Inspection Q.C.,2012-03-28 02:19:08.977784761+00:00,2012-03-28 02:47:13.677624428+00:00,805,ID4287
24,38,Milling,2012-03-22 23:56:09.872857867+00:00,2012-03-22 23:56:09.872857867+00:00,806,ID4140
14,1,Round Grinding,2012-03-26 08:44:12.110720768+00:00,2012-03-26 09:40:53.076046321+00:00,807,ID4445
37,1,Round Grinding,2012-03-28 02:47:13.677624428+00:00,2012-03-28 03:30:48.080054054+00:00,808,ID4445
24,38,Milling,2012-03-22 23:56:09.872857867+00:00,2012-03-22 23:56:09.872857867+00:00,809,ID4140
14,0,Final Inspection Q.C.,2012-03-26 09:40:53.076046321+00:00,2012-03-26 10:26:43.643396310+00:00,810,ID4163
37,0,Round Grinding,2012-03-28 03:30:48.080054054+00:00,2012-03-28 05:04:38.013797791+00:00,811,ID4163
24,38,Milling,2012-03-22 23:56:09.872857867+00:00,2012-03-22 23:56:09.872857867+00:00,812,ID4140
14,5,Turning,2012-03-26 10:26:43.643396310+00:00,2012-03-27 00:00:09.084482138+00:00,813,ID0997
37,31,Round Grinding,2012-03-28 05:04:38.013797791+00:00,2012-03-28 06:56:19.284352079+00:00,814,ID4109
24,38,Milling,2012-03-22 23:56:09.872857867+00:00,2012-03-22 23:56:09.872857867+00:00,815,ID4140
37,26,Round Grinding,2012-03-28 06:56:19.284352079+00:00,2012-03-28 06:56:19.284352079+00:00,817,ID4385
24,38,Milling,2012-03-22 23:56:09.872857867+00:00,2012-03-22 23:56:09.872857867+00:00,818,ID4140
14,29,Packing,2012-03-27 07:49:36.450543551+00:00,2012-03-27 08:49:36.450543551+00:00,819,ID4291
37,14,Final Inspection Q.C.,2012-03-28 06:56:19.284352079+00:00,2012-03-29 01:03:46.687198733+00:00,820,ID4618
24,38,Milling,2012-03-22 23:56:09.872857867+00:00,2012-03-22 23:56:09.872857867+00:00,821,ID4140
14,18,Final Inspection Q.C.,2012-03-27 08:49:36.450543551+00:00,2012-03-27 11:23:27.695044609+00:00,822,ID4287
24,21,Packing,2012-03-22 23:56:09.872857867+00:00,2012-03-23 00:56:09.872857867+00:00,824,ID4491
14,2,Turning,2012-03-27 11:23:27.695044609+00:00,2012-03-27 11:23:27.695044609+00:00,825,ID4794
37,21,Packing,2012-03-29 08:00:00+00:00,2012-03-29 09:00:00+00:00,826,ID4491
24,18,Final Inspection Q.C.,2012-03-23 00:56:09.872857867+00:00,2012-03-23 02:03:12.964427004+00:00,827,ID4287
14,18,Final Inspection Q.C.,2012-03-27 11:23:27.695044609+00:00,2012-03-27 12:10:23.337032359+00:00,828,ID4287
37,29,Packing,2012-03-29 09:00:00+00:00,2012-03-30 08:00:00+00:00,829,ID4291
