case_id,activity,enable_time,start_time,end_time,resource
0,Turn & Mill. & Screw Assem,2012-03-06 14:40:00.000000+00:00,2012-03-06 17:36:00.000000+00:00,2012-03-06 17:38:34.987793+00:00,ID4641
1,Rework Milling,2012-03-06 17:00:02.571494+00:00,2012-03-07 14:24:00.000000+00:00,2012-03-07 14:30:53.031423+00:00,ID3641
0,Turning & Milling Q.C.,2012-03-06 17:38:34.987793+00:00,2012-03-06 17:38:34.987793+00:00,2012-03-06 17:53:34.987793+00:00,ID0937
0,Flat Grinding,2012-03-06 17:53:34.987793+00:00,2012-03-06 17:53:34.987793+00:00,2012-03-06 18:06:16.831587+00:00,ID0998
0,Laser Marking,2012-03-06 17:53:34.987793+00:00,2012-03-06 17:53:34.987793+00:00,2012-03-06 17:53:34.987793+00:00,ID4355
0,Lapping,2012-03-06 18:06:16.831587+00:00,2012-03-06 18:06:16.831587+00:00,2012-03-06 18:38:16.831587+00:00,ID4445
0,Round Grinding,2012-03-06 18:38:16.831587+00:00,2012-03-06 18:38:16.831587+00:00,2012-03-06 20:01:16.831587+00:00,ID3854
0,Round  Q.C.,2012-03-06 20:01:16.831587+00:00,2012-03-06 22:24:00.000000+00:00,2012-03-06 22:28:02.104113+00:00,ID4493
0,Final Inspection Q.C.,2012-03-06 22:28:02.104113+00:00,2012-03-07 13:36:00.000000+00:00,2012-03-07 13:36:02.474865+00:00,ID4287
0,Packing,2012-03-07 13:36:02.474865+00:00,2012-03-07 13:36:02.474865+00:00,2012-03-07 13:36:02.474865+00:00,ID4291
0,Final Inspection,2012-03-07 13:36:02.474865+00:00,2012-03-07 13:36:02.474865+00:00,2012-03-08 00:50:02.474865+00:00,ID4493
1,Turning & Milling Q.C.,2012-03-07 14:30:53.031423+00:00,2012-03-07 14:30:53.031423+00:00,2012-03-07 14:59:53.031423+00:00,ID4167
1,Flat Grinding,2012-03-07 14:59:53.031423+00:00,2012-03-07 14:59:53.031423+00:00,2012-03-07 19:35:53.031423+00:00,ID3716
1,Laser Marking,2012-03-07 14:59:53.031423+00:00,2012-03-07 14:59:53.031423+00:00,2012-03-07 16:06:11.441278+00:00,ID4872
1,Lapping,2012-03-07 19:35:53.031423+00:00,2012-03-07 19:35:53.031423+00:00,2012-03-07 19:50:53.031423+00:00,ID0937
1,Round Grinding,2012-03-07 19:50:53.031423+00:00,2012-03-07 19:50:53.031423+00:00,2012-03-07 21:36:45.439981+00:00,ID4109
1,Round  Q.C.,2012-03-07 21:36:45.439981+00:00,2012-03-08 00:50:02.474865+00:00,2012-03-08 00:55:01.393553+00:00,ID4493
1,Final Inspection Q.C.,2012-03-08 00:55:01.393553+00:00,2012-03-08 06:24:00.000000+00:00,2012-03-08 06:24:17.579733+00:00,ID4618
2,Change Version,2012-03-08 06:00:00.000000+00:00,2012-03-13 03:12:00.000000+00:00,2012-03-13 03:32:16.354465+00:00,ID4851
2,Turning & Milling Q.C.,2012-03-08 06:00:00.000000+00:00,2012-03-08 13:36:00.000000+00:00,2012-03-08 13:49:47.589582+00:00,ID4163
3,Rework Milling,2012-03-08 06:05:24.926827+00:00,2012-03-14 14:24:00.000000+00:00,2012-03-14 14:32:14.428204+00:00,ID3641
1,Packing,2012-03-08 06:24:17.579733+00:00,2012-03-08 06:24:17.579733+00:00,2012-03-08 06:24:17.579733+00:00,ID4491
1,Final Inspection,2012-03-08 06:24:17.579733+00:00,2012-03-08 13:36:00.000000+00:00,2012-03-08 15:14:00.000000+00:00,ID4493
2,Laser Marking,2012-03-08 13:49:47.589582+00:00,2012-03-08 13:49:47.589582+00:00,2012-03-08 13:49:47.589582+00:00,ID4355
2,Flat Grinding,2012-03-08 13:49:47.589582+00:00,2012-03-08 17:36:00.000000+00:00,2012-03-08 17:38:20.563020+00:00,ID0998
2,Lapping,2012-03-08 17:38:20.563020+00:00,2012-03-08 17:38:20.563020+00:00,2012-03-08 18:10:20.563020+00:00,ID4445
2,Round Grinding,2012-03-08 18:10:20.563020+00:00,2012-03-08 18:10:20.563020+00:00,2012-03-08 18:48:24.723559+00:00,ID4160
2,Round  Q.C.,2012-03-08 18:48:24.723559+00:00,2012-03-08 18:48:24.723559+00:00,2012-03-08 18:50:32.832890+00:00,ID4493
4,Rework Milling,2012-03-09 07:00:00.000000+00:00,2012-03-14 14:32:14.428204+00:00,2012-03-14 14:43:49.629618+00:00,ID3641
5,Rework Milling,2012-03-09 07:05:33.248903+00:00,2012-03-14 14:43:49.629618+00:00,2012-03-14 14:52:58.434767+00:00,ID3641
6,Rework Milling,2012-03-09 07:06:07.864145+00:00,2012-03-14 14:52:58.434767+00:00,2012-03-14 16:48:43.323976+00:00,ID3641
7,Rework Milling,2012-03-09 14:00:00.000000+00:00,2012-03-14 16:48:43.323976+00:00,2012-03-14 16:58:16.087889+00:00,ID3641
8,Turning & Milling,2012-03-11 05:00:00.000000+00:00,2012-03-11 06:24:00.000000+00:00,2012-03-11 08:39:00.000000+00:00,ID4140
8,Turning & Milling Q.C.,2012-03-11 05:00:00.000000+00:00,2012-03-11 06:24:00.000000+00:00,2012-03-11 06:39:00.000000+00:00,ID4529
8,Flat Grinding,2012-03-11 06:39:00.000000+00:00,2012-03-11 06:39:00.000000+00:00,2012-03-11 06:40:09.768145+00:00,ID4882
8,Milling,2012-03-11 08:39:00.000000+00:00,2012-03-11 08:39:00.000000+00:00,2012-03-11 10:43:51.063137+00:00,ID4162
8,Laser Marking,2012-03-11 08:39:00.000000+00:00,2012-03-11 13:36:00.000000+00:00,2012-03-12 13:50:00.000000+00:00,ID4794
8,Lapping,2012-03-12 13:50:00.000000+00:00,2012-03-12 13:50:00.000000+00:00,2012-03-12 13:57:21.804429+00:00,ID4528
8,Round Grinding,2012-03-12 13:57:21.804429+00:00,2012-03-12 22:24:00.000000+00:00,2012-03-12 22:41:24.879879+00:00,ID4385
9,Turning,2012-03-12 17:36:32.980825+00:00,2012-03-12 17:36:32.980825+00:00,2012-03-12 18:48:32.979826+00:00,ID3718
9,Turning & Milling,2012-03-12 17:36:32.980825+00:00,2012-03-12 17:36:32.980825+00:00,2012-03-12 22:58:10.316089+00:00,ID4718
9,Turning & Milling,2012-03-12 18:48:32.979826+00:00,2012-03-12 18:48:32.979826+00:00,2012-03-13 11:12:32.980827+00:00,ID4783
9,Turning Q.C.,2012-03-12 18:48:32.979826+00:00,2012-03-12 18:48:32.979826+00:00,2012-03-12 20:12:20.258344+00:00,ID4287
8,Round  Q.C.,2012-03-12 22:41:24.879879+00:00,2012-03-13 13:36:00.000000+00:00,2012-03-13 13:36:08.574770+00:00,ID4493
9,Turning & Milling Q.C.,2012-03-12 22:58:10.316089+00:00,2012-03-12 22:58:10.316089+00:00,2012-03-12 23:39:10.316089+00:00,ID4167
10,Rework Milling,2012-03-12 23:03:31.779370+00:00,2012-03-14 16:58:16.087889+00:00,2012-03-14 18:34:11.371041+00:00,ID3641
11,Rework Milling,2012-03-12 23:26:35.600684+00:00,2012-03-14 18:34:11.371041+00:00,2012-03-14 18:43:42.185322+00:00,ID3641
12,Rework Milling,2012-03-12 23:32:36.246695+00:00,2012-03-14 18:43:42.185322+00:00,2012-03-14 18:50:30.096244+00:00,ID3641
9,Flat Grinding,2012-03-12 23:39:10.316089+00:00,2012-03-12 23:39:10.316089+00:00,2012-03-13 00:14:26.722877+00:00,ID4872
2,Final Inspection Q.C.,2012-03-13 03:32:16.354465+00:00,2012-03-13 06:24:00.000000+00:00,2012-03-13 06:24:29.561909+00:00,ID4618
2,Packing,2012-03-13 06:24:29.561909+00:00,2012-03-13 06:24:29.561909+00:00,2012-03-13 06:24:29.561909+00:00,ID4820
2,Final Inspection,2012-03-13 06:24:29.561909+00:00,2012-03-13 13:36:08.574770+00:00,2012-03-13 14:26:08.574770+00:00,ID4493
9,Laser Marking,2012-03-13 11:12:32.980827+00:00,2012-03-13 13:36:00.000000+00:00,2012-03-13 13:41:51.197256+00:00,ID4932
8,Final Inspection Q.C.,2012-03-13 13:36:08.574770+00:00,2012-03-13 13:36:08.574770+00:00,2012-03-13 13:50:37.297951+00:00,ID4163
9,Lapping,2012-03-13 13:41:51.197256+00:00,2012-03-13 13:41:51.197256+00:00,2012-03-13 13:56:51.197256+00:00,ID0937
8,Packing,2012-03-13 13:50:37.297951+00:00,2012-03-13 13:50:37.297951+00:00,2012-03-13 13:50:37.297951+00:00,ID4291
8,Final Inspection,2012-03-13 13:50:37.297951+00:00,2012-03-13 14:26:08.574770+00:00,2012-03-13 14:52:08.574770+00:00,ID4493
9,Round Grinding,2012-03-13 13:56:51.197256+00:00,2012-03-13 13:56:51.197256+00:00,2012-03-13 15:19:51.197256+00:00,ID3854
13,Turn & Mill. & Screw Assem,2012-03-13 14:00:00.000000+00:00,2012-03-13 17:36:00.000000+00:00,2012-03-13 17:39:38.727282+00:00,ID4641
9,Round  Q.C.,2012-03-13 15:19:51.197256+00:00,2012-03-13 22:24:00.000000+00:00,2012-03-13 22:28:31.883744+00:00,ID4493
13,Turning & Milling Q.C.,2012-03-13 17:39:38.727282+00:00,2012-03-13 22:24:00.000000+00:00,2012-03-13 22:39:00.000000+00:00,ID4529
14,Turning & Milling,2012-03-13 18:46:23.836164+00:00,2012-03-13 22:24:00.000000+00:00,2012-03-13 22:24:40.907924+00:00,ID3846
14,Turning & Milling Q.C.,2012-03-13 18:46:23.836164+00:00,2012-03-13 19:12:00.000000+00:00,2012-03-13 19:15:30.642592+00:00,ID4287
14,Flat Grinding,2012-03-13 19:15:30.642592+00:00,2012-03-13 19:15:30.642592+00:00,2012-03-14 00:39:30.642592+00:00,ID3716
15,Rework Milling,2012-03-13 19:30:52.546106+00:00,2012-03-14 18:50:30.096244+00:00,2012-03-14 18:59:18.494554+00:00,ID3641
14,Laser Marking,2012-03-13 22:24:40.907924+00:00,2012-03-13 22:24:40.907924+00:00,2012-03-13 22:24:40.907924+00:00,ID4355
9,Final Inspection Q.C.,2012-03-13 22:28:31.883744+00:00,2012-03-14 13:36:00.000000+00:00,2012-03-14 13:36:06.807436+00:00,ID4618
13,Flat Grinding,2012-03-13 22:39:00.000000+00:00,2012-03-15 17:36:00.000000+00:00,2012-03-15 17:58:49.912963+00:00,ID0998
13,Laser Marking,2012-03-13 22:39:00.000000+00:00,2012-03-13 22:39:00.000000+00:00,2012-03-14 00:37:05.069991+00:00,ID4445
16,Turning & Milling Q.C.,2012-03-14 00:00:00.000000+00:00,2012-03-14 00:00:00.000000+00:00,2012-03-14 00:29:00.000000+00:00,ID4167
16,Change Version,2012-03-14 00:00:00.000000+00:00,2012-03-14 13:36:00.000000+00:00,2012-03-14 21:38:05.838429+00:00,ID4890
17,Rework Milling,2012-03-14 00:02:42.743880+00:00,2012-03-14 18:59:18.494554+00:00,2012-03-21 14:32:01.375271+00:00,ID3641
16,Nitration Q.C.,2012-03-14 00:29:00.000000+00:00,2012-03-14 13:36:00.000000+00:00,2012-03-14 15:16:00.000000+00:00,ID4287
14,Lapping,2012-03-14 00:39:30.642592+00:00,2012-03-14 06:24:00.000000+00:00,2012-03-14 06:50:32.141510+00:00,ID4882
14,Round Grinding,2012-03-14 06:50:32.141510+00:00,2012-03-14 13:36:00.000000+00:00,2012-03-14 13:36:00.038582+00:00,ID0420
14,Round  Q.C.,2012-03-14 13:36:00.038582+00:00,2012-03-14 13:36:00.038582+00:00,2012-03-14 13:41:44.640824+00:00,ID4493
9,Packing,2012-03-14 13:36:06.807436+00:00,2012-03-14 13:36:06.807436+00:00,2012-03-14 13:36:06.807436+00:00,ID4491
9,Final Inspection,2012-03-14 13:36:06.807436+00:00,2012-03-14 13:41:44.640824+00:00,2012-03-15 00:55:44.640824+00:00,ID4493
14,Final Inspection Q.C.,2012-03-14 13:41:44.640824+00:00,2012-03-14 16:00:00.000000+00:00,2012-03-14 16:13:15.328494+00:00,ID4163
3,Turning & Milling Q.C.,2012-03-14 14:32:14.428204+00:00,2012-03-14 14:32:14.428204+00:00,2012-03-14 14:47:14.428204+00:00,ID0937
4,Turning & Milling Q.C.,2012-03-14 14:43:49.629618+00:00,2012-03-14 22:24:00.000000+00:00,2012-03-14 22:39:00.000000+00:00,ID4529
3,Nitration Q.C.,2012-03-14 14:47:14.428204+00:00,2012-03-14 14:47:14.428204+00:00,2012-03-14 14:50:14.428204+00:00,ID4618
3,Laser Marking,2012-03-14 14:50:14.428204+00:00,2012-03-14 16:00:00.000000+00:00,2012-03-14 16:38:00.000000+00:00,ID4794
5,Turning & Milling Q.C.,2012-03-14 14:52:58.434767+00:00,2012-03-14 14:52:58.434767+00:00,2012-03-14 15:21:58.434767+00:00,ID4167
16,Laser Marking,2012-03-14 15:16:00.000000+00:00,2012-03-14 15:16:00.000000+00:00,2012-03-14 15:17:54.612433+00:00,ID4872
16,Lapping,2012-03-14 15:17:54.612433+00:00,2012-03-14 18:24:00.000000+00:00,2012-03-14 18:32:13.118585+00:00,ID4528
5,Laser Marking,2012-03-14 15:21:58.434767+00:00,2012-03-15 20:00:00.000000+00:00,2012-03-15 20:12:39.073182+00:00,ID4932
5,Flat Grinding,2012-03-14 15:21:58.434767+00:00,2012-03-14 15:21:58.434767+00:00,2012-03-14 19:57:58.434767+00:00,ID3716
14,Packing,2012-03-14 16:13:15.328494+00:00,2012-03-15 06:24:00.000000+00:00,2012-03-15 06:24:00.000000+00:00,ID4820
3,Lapping,2012-03-14 16:38:00.000000+00:00,2012-03-14 16:38:00.000000+00:00,2012-03-14 17:41:00.000000+00:00,ID4355
6,Turning & Milling Q.C.,2012-03-14 16:48:43.323976+00:00,2012-03-14 17:36:00.000000+00:00,2012-03-14 17:51:00.000000+00:00,ID0937
7,Turning & Milling Q.C.,2012-03-14 16:58:16.087889+00:00,2012-03-14 22:24:00.000000+00:00,2012-03-14 22:24:13.391776+00:00,ID4618
3,Round Grinding,2012-03-14 17:41:00.000000+00:00,2012-03-14 17:41:00.000000+00:00,2012-03-14 17:50:13.270443+00:00,ID4109
3,Round  Q.C.,2012-03-14 17:50:13.270443+00:00,2012-03-15 00:55:44.640824+00:00,2012-03-15 01:40:53.926288+00:00,ID4493
6,Laser Marking,2012-03-14 17:51:00.000000+00:00,2012-03-14 17:51:00.000000+00:00,2012-03-14 18:44:46.334076+00:00,ID4445
6,Flat Grinding,2012-03-14 17:51:00.000000+00:00,2012-03-14 20:48:00.000000+00:00,2012-03-14 20:53:13.425826+00:00,ID4882
16,Round Grinding,2012-03-14 18:32:13.118585+00:00,2012-03-14 18:32:13.118585+00:00,2012-03-14 19:14:15.178770+00:00,ID4160
10,Turning & Milling Q.C.,2012-03-14 18:34:11.371041+00:00,2012-03-14 20:48:00.000000+00:00,2012-03-14 22:38:12.649138+00:00,ID4287
11,Turning & Milling Q.C.,2012-03-14 18:43:42.185322+00:00,2012-03-14 18:43:42.185322+00:00,2012-03-14 19:24:42.185322+00:00,ID4167
12,Turning & Milling Q.C.,2012-03-14 18:50:30.096244+00:00,2012-03-14 19:12:00.000000+00:00,2012-03-14 19:12:03.600821+00:00,ID4163
15,Turning & Milling Q.C.,2012-03-14 18:59:18.494554+00:00,2012-03-14 18:59:18.494554+00:00,2012-03-14 19:26:18.494554+00:00,ID0937
12,Laser Marking,2012-03-14 19:12:03.600821+00:00,2012-03-14 19:12:03.600821+00:00,2012-03-14 19:36:59.683755+00:00,ID4872
12,Flat Grinding,2012-03-14 19:12:03.600821+00:00,2012-03-14 19:36:59.683755+00:00,2012-03-14 20:58:38.506163+00:00,ID4872
16,Round  Q.C.,2012-03-14 19:14:15.178770+00:00,2012-03-15 01:40:53.926288+00:00,2012-03-15 13:50:00.507429+00:00,ID4493
11,Laser Marking,2012-03-14 19:24:42.185322+00:00,2012-03-15 13:36:00.000000+00:00,2012-03-17 20:14:00.000000+00:00,ID4794
11,Flat Grinding,2012-03-14 19:24:42.185322+00:00,2012-03-14 19:57:58.434767+00:00,2012-03-15 01:45:58.435767+00:00,ID3716
15,Laser Marking,2012-03-14 19:26:18.494554+00:00,2012-03-14 19:26:18.494554+00:00,2012-03-14 19:26:18.494554+00:00,ID4355
15,Flat Grinding,2012-03-14 19:26:18.494554+00:00,2012-03-14 20:53:13.425826+00:00,2012-03-15 06:37:16.849527+00:00,ID4882
6,Lapping,2012-03-14 20:53:13.425826+00:00,2012-03-15 00:00:00.000000+00:00,2012-03-15 00:01:43.497413+00:00,ID4528
12,Lapping,2012-03-14 20:58:38.506163+00:00,2012-03-14 20:58:38.506163+00:00,2012-03-14 22:30:38.506163+00:00,ID4445
18,Rework Milling,2012-03-14 21:59:59.999999+00:00,2012-03-21 14:32:01.375271+00:00,2012-03-21 14:41:18.724251+00:00,ID3641
7,Laser Marking,2012-03-14 22:24:13.391776+00:00,2012-03-14 22:24:13.391776+00:00,2012-03-14 22:24:13.391776+00:00,ID4355
7,Flat Grinding,2012-03-14 22:24:13.391776+00:00,2012-03-14 22:24:13.391776+00:00,2012-03-14 22:54:19.822873+00:00,ID4872
12,Round Grinding,2012-03-14 22:30:38.506163+00:00,2012-03-14 22:30:38.506163+00:00,2012-03-14 22:32:38.208384+00:00,ID4385
12,Round  Q.C.,2012-03-14 22:32:38.208384+00:00,2012-03-15 13:50:00.507429+00:00,2012-03-15 13:55:49.166061+00:00,ID4493
10,Laser Marking,2012-03-14 22:38:12.649138+00:00,2012-03-14 22:38:12.649138+00:00,2012-03-14 22:53:12.649138+00:00,ID4618
10,Flat Grinding,2012-03-14 22:38:12.649138+00:00,2012-03-14 22:53:12.649138+00:00,2012-03-15 06:32:12.649138+00:00,ID4618
4,Flat Grinding,2012-03-14 22:39:00.000000+00:00,2012-03-14 22:54:19.822873+00:00,2012-03-14 23:26:01.126024+00:00,ID4872
4,Laser Marking,2012-03-14 22:39:00.000000+00:00,2012-03-14 22:39:00.000000+00:00,2012-03-14 22:39:00.000000+00:00,ID4355
7,Lapping,2012-03-14 22:54:19.822873+00:00,2012-03-14 22:54:19.822873+00:00,2012-03-14 23:21:19.822873+00:00,ID0937
7,Round Grinding,2012-03-14 23:21:19.822873+00:00,2012-03-14 23:21:19.822873+00:00,2012-03-15 00:44:19.823873+00:00,ID3854
4,Lapping,2012-03-14 23:26:01.126024+00:00,2012-03-14 23:26:01.126024+00:00,2012-03-14 23:58:01.126024+00:00,ID4445
4,Round Grinding,2012-03-14 23:58:01.126024+00:00,2012-03-15 13:36:00.000000+00:00,2012-03-15 13:42:05.349825+00:00,ID0420
6,Round Grinding,2012-03-15 00:01:43.497413+00:00,2012-03-15 00:01:43.497413+00:00,2012-03-15 00:43:47.482125+00:00,ID4109
6,Round  Q.C.,2012-03-15 00:43:47.482125+00:00,2012-03-15 13:55:49.166061+00:00,2012-03-15 15:36:57.425491+00:00,ID4493
7,Round  Q.C.,2012-03-15 00:44:19.823873+00:00,2012-03-15 15:36:57.425491+00:00,2012-03-15 15:47:39.844694+00:00,ID4493
19,Turn & Mill. & Screw Assem,2012-03-15 01:00:00.000000+00:00,2012-03-15 09:36:00.000000+00:00,2012-03-15 09:58:13.051280+00:00,ID4641
3,Final Inspection Q.C.,2012-03-15 01:40:53.926288+00:00,2012-03-15 13:36:00.000000+00:00,2012-03-15 13:42:54.263217+00:00,ID4163
20,Turn & Mill. & Screw Assem,2012-03-15 06:00:00.000000+00:00,2012-03-15 13:36:00.000000+00:00,2012-03-15 13:59:58.056196+00:00,ID3846
14,Final Inspection,2012-03-15 06:24:00.000000+00:00,2012-03-15 15:47:39.844694+00:00,2012-03-15 16:13:39.844694+00:00,ID4493
10,Lapping,2012-03-15 06:32:12.649138+00:00,2012-03-15 06:32:12.649138+00:00,2012-03-15 06:47:12.649138+00:00,ID4355
15,Lapping,2012-03-15 06:37:16.849527+00:00,2012-03-15 06:37:16.849527+00:00,2012-03-15 06:52:16.849527+00:00,ID0937
10,Round Grinding,2012-03-15 06:47:12.649138+00:00,2012-03-15 06:47:12.649138+00:00,2012-03-15 08:57:19.871607+00:00,ID4160
15,Round Grinding,2012-03-15 06:52:16.849527+00:00,2012-03-15 22:24:00.000000+00:00,2012-03-15 22:27:37.016965+00:00,ID4385
10,Round  Q.C.,2012-03-15 08:57:19.871607+00:00,2012-03-15 16:13:39.844694+00:00,2012-03-15 16:15:32.900782+00:00,ID4493
19,Turning & Milling Q.C.,2012-03-15 09:58:13.051280+00:00,2012-03-15 09:58:13.051280+00:00,2012-03-15 10:27:13.051280+00:00,ID4167
19,Laser Marking,2012-03-15 10:27:13.051280+00:00,2012-03-15 10:27:13.051280+00:00,2012-03-15 11:16:16.239891+00:00,ID4872
19,Flat Grinding,2012-03-15 10:27:13.051280+00:00,2012-03-15 10:27:13.051280+00:00,2012-03-15 13:39:13.051280+00:00,ID3716
21,Turning & Milling Q.C.,2012-03-15 12:00:00.000000+00:00,2012-03-15 13:36:00.000000+00:00,2012-03-15 16:02:03.894675+00:00,ID4287
21,Turning & Milling,2012-03-15 12:00:00.000000+00:00,2012-03-16 04:00:00.000000+00:00,2012-03-16 04:12:26.953372+00:00,ID4219
19,Lapping,2012-03-15 13:39:13.051280+00:00,2012-03-15 13:39:13.051280+00:00,2012-03-15 14:11:13.051280+00:00,ID4445
4,Round  Q.C.,2012-03-15 13:42:05.349825+00:00,2012-03-15 16:15:32.900782+00:00,2012-03-15 16:37:34.135448+00:00,ID4493
3,Packing,2012-03-15 13:42:54.263217+00:00,2012-03-15 13:42:54.263217+00:00,2012-03-15 13:42:54.263217+00:00,ID4291
3,Final Inspection,2012-03-15 13:42:54.263217+00:00,2012-03-15 16:37:34.135448+00:00,2012-03-15 17:51:34.135448+00:00,ID4493
16,Final Inspection Q.C.,2012-03-15 13:50:00.507429+00:00,2012-03-15 13:50:00.507429+00:00,2012-03-15 13:50:21.639153+00:00,ID4618
16,Packing,2012-03-15 13:50:21.639153+00:00,2012-03-15 13:50:21.639153+00:00,2012-03-15 13:50:21.639153+00:00,ID4491
16,Final Inspection,2012-03-15 13:50:21.639153+00:00,2012-03-15 17:51:34.135448+00:00,2012-03-15 18:41:34.135448+00:00,ID4493
12,Final Inspection Q.C.,2012-03-15 13:55:49.166061+00:00,2012-03-15 13:55:49.166061+00:00,2012-03-15 14:29:58.761806+00:00,ID4163
20,Turning & Milling Q.C.,2012-03-15 13:59:58.056196+00:00,2012-03-15 13:59:58.056196+00:00,2012-03-16 06:38:58.056196+00:00,ID4529
19,Round Grinding,2012-03-15 14:11:13.051280+00:00,2012-03-15 16:48:00.000000+00:00,2012-03-15 16:52:34.458934+00:00,ID4528
12,Packing,2012-03-15 14:29:58.761806+00:00,2012-03-16 06:24:00.000000+00:00,2012-03-16 06:24:00.000000+00:00,ID4820
6,Final Inspection Q.C.,2012-03-15 15:36:57.425491+00:00,2012-03-15 16:00:00.000000+00:00,2012-03-15 22:26:21.538459+00:00,ID4618
7,Final Inspection Q.C.,2012-03-15 15:47:39.844694+00:00,2012-03-15 16:00:00.000000+00:00,2012-03-15 16:04:02.239183+00:00,ID4163
21,Nitration Q.C.,2012-03-15 16:02:03.894675+00:00,2012-03-15 16:02:03.894675+00:00,2012-03-15 16:30:03.894675+00:00,ID4287
7,Packing,2012-03-15 16:04:02.239183+00:00,2012-03-15 16:04:02.239183+00:00,2012-03-15 16:04:02.239183+00:00,ID4291
7,Final Inspection,2012-03-15 16:04:02.239183+00:00,2012-03-15 18:41:34.135448+00:00,2012-03-16 13:43:34.135448+00:00,ID4493
10,Final Inspection Q.C.,2012-03-15 16:15:32.900782+00:00,2012-03-15 16:15:32.900782+00:00,2012-03-15 16:21:50.752227+00:00,ID4163
10,Packing,2012-03-15 16:21:50.752227+00:00,2012-03-15 16:21:50.752227+00:00,2012-03-15 16:21:50.752227+00:00,ID4491
10,Final Inspection,2012-03-15 16:21:50.752227+00:00,2012-03-16 13:43:34.135448+00:00,2012-03-16 14:33:34.135448+00:00,ID4493
4,Final Inspection Q.C.,2012-03-15 16:37:34.135448+00:00,2012-03-15 16:37:34.135448+00:00,2012-03-15 16:56:06.182484+00:00,ID4163
19,Round  Q.C.,2012-03-15 16:52:34.458934+00:00,2012-03-16 14:33:34.135448+00:00,2012-03-16 14:40:59.332879+00:00,ID4493
4,Packing,2012-03-15 16:56:06.182484+00:00,2012-03-15 16:56:06.182484+00:00,2012-03-15 16:56:06.182484+00:00,ID4291
4,Final Inspection,2012-03-15 16:56:06.182484+00:00,2012-03-16 14:40:59.332879+00:00,2012-03-16 17:42:59.332879+00:00,ID4493
13,Lapping,2012-03-15 17:58:49.912963+00:00,2012-03-15 17:58:49.912963+00:00,2012-03-15 21:37:09.320551+00:00,ID4882
5,Lapping,2012-03-15 20:12:39.073182+00:00,2012-03-15 20:12:39.073182+00:00,2012-03-15 20:27:39.073182+00:00,ID4355
5,Round Grinding,2012-03-15 20:27:39.073182+00:00,2012-03-15 20:27:39.073182+00:00,2012-03-15 20:38:58.097380+00:00,ID4109
5,Round  Q.C.,2012-03-15 20:38:58.097380+00:00,2012-03-16 17:42:59.332879+00:00,2012-03-16 17:45:43.130339+00:00,ID4493
13,Round Grinding,2012-03-15 21:37:09.320551+00:00,2012-03-15 21:37:09.320551+00:00,2012-03-15 23:36:09.320551+00:00,ID3854
6,Packing,2012-03-15 22:26:21.538459+00:00,2012-03-15 22:26:21.538459+00:00,2012-03-15 22:26:21.538459+00:00,ID4491
6,Milling Q.C.,2012-03-15 22:26:21.538459+00:00,2012-03-15 22:26:21.538459+00:00,2012-03-15 22:41:21.538459+00:00,ID4287
15,Round  Q.C.,2012-03-15 22:27:37.016965+00:00,2012-03-16 17:45:43.130339+00:00,2012-03-16 17:54:27.944431+00:00,ID4493
6,Final Inspection Q.C.,2012-03-15 22:41:21.538459+00:00,2012-03-16 00:48:00.000000+00:00,2012-03-16 00:59:57.257788+00:00,ID4163
13,Round  Q.C.,2012-03-15 23:36:09.320551+00:00,2012-03-16 17:54:27.944431+00:00,2012-03-16 17:59:27.338033+00:00,ID4493
6,Packing,2012-03-16 00:59:57.257788+00:00,2012-03-16 00:59:57.257788+00:00,2012-03-16 00:59:57.257788+00:00,ID4291
6,Final Inspection,2012-03-16 00:59:57.257788+00:00,2012-03-16 17:59:27.338033+00:00,2012-03-16 19:37:27.338033+00:00,ID4493
21,Laser Marking,2012-03-16 04:12:26.953372+00:00,2012-03-16 06:24:00.000000+00:00,2012-03-16 08:32:03.232588+00:00,ID4872
12,Final Inspection,2012-03-16 06:24:00.000000+00:00,2012-03-16 19:37:27.338033+00:00,2012-03-16 20:51:27.338033+00:00,ID4493
20,Laser Marking,2012-03-16 06:38:58.056196+00:00,2012-03-16 06:38:58.056196+00:00,2012-03-16 08:11:27.046646+00:00,ID4445
20,Flat Grinding,2012-03-16 06:38:58.056196+00:00,2012-03-16 06:38:58.056196+00:00,2012-03-16 10:50:58.056196+00:00,ID3716
21,Lapping,2012-03-16 08:32:03.232588+00:00,2012-03-16 08:32:03.232588+00:00,2012-03-16 08:47:03.232588+00:00,ID0937
21,Round Grinding,2012-03-16 08:47:03.232588+00:00,2012-03-16 08:47:03.232588+00:00,2012-03-16 11:44:02.104943+00:00,ID4160
20,Lapping,2012-03-16 10:50:58.056196+00:00,2012-03-18 13:36:00.000000+00:00,2012-03-18 13:40:26.277424+00:00,ID4528
21,Round  Q.C.,2012-03-16 11:44:02.104943+00:00,2012-03-16 20:51:27.338033+00:00,2012-03-17 00:53:13.117055+00:00,ID4493
19,Final Inspection Q.C.,2012-03-16 14:40:59.332879+00:00,2012-03-16 18:24:00.000000+00:00,2012-03-16 18:39:37.375220+00:00,ID4618
5,Final Inspection Q.C.,2012-03-16 17:45:43.130339+00:00,2012-03-16 17:45:43.130339+00:00,2012-03-16 19:36:40.661546+00:00,ID4287
15,Final Inspection Q.C.,2012-03-16 17:54:27.944431+00:00,2012-03-18 16:00:00.000000+00:00,2012-03-18 16:29:11.409490+00:00,ID4163
13,Final Inspection Q.C.,2012-03-16 17:59:27.338033+00:00,2012-03-16 18:39:37.375220+00:00,2012-03-16 18:39:37.997531+00:00,ID4618
19,Packing,2012-03-16 18:39:37.375220+00:00,2012-03-16 18:39:37.375220+00:00,2012-03-16 18:39:37.375220+00:00,ID4491
19,Final Inspection,2012-03-16 18:39:37.375220+00:00,2012-03-17 00:53:13.117055+00:00,2012-03-18 06:43:13.117055+00:00,ID4493
13,Packing,2012-03-16 18:39:37.997531+00:00,2012-03-16 18:39:37.997531+00:00,2012-03-16 18:39:37.997531+00:00,ID4291
13,Final Inspection,2012-03-16 18:39:37.997531+00:00,2012-03-18 06:43:13.117055+00:00,2012-03-18 08:09:13.117055+00:00,ID4493
5,Packing,2012-03-16 19:36:40.661546+00:00,2012-03-18 06:24:00.000000+00:00,2012-03-18 06:24:00.000000+00:00,ID4820
21,Final Inspection Q.C.,2012-03-17 00:53:13.117055+00:00,2012-03-18 13:36:00.000000+00:00,2012-03-18 21:48:46.499948+00:00,ID4618
11,Lapping,2012-03-17 20:14:00.000000+00:00,2012-03-18 20:48:00.000000+00:00,2012-03-18 23:17:14.254278+00:00,ID0998
22,Rework Milling,2012-03-18 05:00:00.000000+00:00,2012-03-21 14:41:18.724251+00:00,2012-03-21 14:49:52.350309+00:00,ID3641
23,Turning & Milling,2012-03-18 05:27:54.016805+00:00,2012-03-19 13:36:00.000000+00:00,2012-03-19 13:54:27.087747+00:00,ID4132
23,Turning,2012-03-18 05:27:54.016805+00:00,2012-03-18 06:24:00.000000+00:00,2012-03-18 06:24:00.000000+00:00,ID4442
23,Turning Q.C.,2012-03-18 06:24:00.000000+00:00,2012-03-18 06:24:00.000000+00:00,2012-03-18 06:30:07.422416+00:00,ID4287
5,Final Inspection,2012-03-18 06:24:00.000000+00:00,2012-03-18 08:09:13.117055+00:00,2012-03-18 08:35:13.117055+00:00,ID4493
24,Rework Milling,2012-03-18 06:59:59.999999+00:00,2012-03-21 14:49:52.350309+00:00,2012-03-21 14:59:04.615645+00:00,ID3641
25,Rework Milling,2012-03-18 07:03:54.436450+00:00,2012-03-21 14:59:04.615645+00:00,2012-03-21 16:53:34.604963+00:00,ID3641
26,Rework Milling,2012-03-18 07:14:32.134113+00:00,2012-03-21 16:53:34.604963+00:00,2012-03-21 18:25:55.730612+00:00,ID3641
27,Rework Milling,2012-03-18 07:36:09.250386+00:00,2012-03-21 18:25:55.730612+00:00,2012-03-21 18:32:05.451382+00:00,ID3641
20,Round Grinding,2012-03-18 13:40:26.277424+00:00,2012-03-19 15:12:00.000000+00:00,2012-03-19 15:12:01.365999+00:00,ID0420
28,Turning & Milling,2012-03-18 14:00:00.000000+00:00,2012-03-18 16:00:00.000000+00:00,2012-03-18 16:04:57.980753+00:00,ID4429
28,Turning & Milling Q.C.,2012-03-18 14:00:00.000000+00:00,2012-03-18 14:00:00.000000+00:00,2012-03-18 14:29:00.000000+00:00,ID4167
28,Flat Grinding,2012-03-18 14:29:00.000000+00:00,2012-03-18 16:48:00.000000+00:00,2012-03-18 16:56:21.315836+00:00,ID4882
29,Rework Milling,2012-03-18 15:53:17.561015+00:00,2012-03-21 18:32:05.451382+00:00,2012-03-21 18:40:28.856992+00:00,ID3641
28,Laser Marking,2012-03-18 16:04:57.980753+00:00,2012-03-18 16:48:00.000000+00:00,2012-03-18 16:51:11.417429+00:00,ID4932
15,Packing,2012-03-18 16:29:11.409490+00:00,2012-03-18 16:29:11.409490+00:00,2012-03-18 16:29:11.409490+00:00,ID4491
15,Final Inspection,2012-03-18 16:29:11.409490+00:00,2012-03-18 16:48:00.000000+00:00,2012-03-18 17:50:00.000000+00:00,ID4493
30,Turning & Milling,2012-03-18 16:41:23.035676+00:00,2012-03-18 16:41:23.035676+00:00,2012-03-18 16:41:57.896366+00:00,ID0997
30,Turning & Milling Q.C.,2012-03-18 16:41:23.035676+00:00,2012-03-19 13:36:00.000000+00:00,2012-03-19 13:51:00.000000+00:00,ID4529
30,Milling,2012-03-18 16:41:57.896366+00:00,2012-03-20 14:24:00.000000+00:00,2012-03-20 14:32:45.055963+00:00,ID4326
28,Lapping,2012-03-18 16:56:21.315836+00:00,2012-03-18 17:36:00.000000+00:00,2012-03-18 17:51:00.000000+00:00,ID4355
28,Round Grinding,2012-03-18 17:51:00.000000+00:00,2012-03-18 17:51:00.000000+00:00,2012-03-18 18:49:36.701020+00:00,ID4109
28,Round  Q.C.,2012-03-18 18:49:36.701020+00:00,2012-03-19 15:12:00.000000+00:00,2012-03-19 15:36:07.441501+00:00,ID4493
31,Rework Milling,2012-03-18 21:19:19.630988+00:00,2012-03-21 18:40:28.856992+00:00,2012-03-21 18:50:23.495664+00:00,ID3641
21,Packing,2012-03-18 21:48:46.499948+00:00,2012-03-18 21:48:46.499948+00:00,2012-03-18 21:48:46.499948+00:00,ID4291
21,Final Inspection,2012-03-18 21:48:46.499948+00:00,2012-03-19 15:36:07.441501+00:00,2012-03-20 13:38:07.441501+00:00,ID4493
11,Round Grinding,2012-03-18 23:17:14.254278+00:00,2012-03-18 23:17:14.254278+00:00,2012-03-18 23:17:36.427187+00:00,ID4385
11,Round  Q.C.,2012-03-18 23:17:36.427187+00:00,2012-03-20 13:38:07.441501+00:00,2012-03-20 13:42:11.158407+00:00,ID4493
30,Laser Marking,2012-03-19 13:51:00.000000+00:00,2012-03-19 13:51:00.000000+00:00,2012-03-19 14:32:24.825808+00:00,ID4445
30,Flat Grinding,2012-03-19 13:51:00.000000+00:00,2012-03-19 13:51:00.000000+00:00,2012-03-19 14:13:41.811474+00:00,ID4872
23,Milling,2012-03-19 13:54:27.087747+00:00,2012-03-20 04:48:00.000000+00:00,2012-03-20 05:00:00.000000+00:00,ID4873
23,Turning & Milling,2012-03-19 13:54:27.087747+00:00,2012-03-19 13:54:27.087747+00:00,2012-03-19 15:09:27.087747+00:00,ID4140
30,Lapping,2012-03-19 14:32:24.825808+00:00,2012-03-19 14:32:24.825808+00:00,2012-03-19 14:47:24.825808+00:00,ID0937
30,Round Grinding,2012-03-19 14:47:24.825808+00:00,2012-03-19 14:47:24.825808+00:00,2012-03-19 16:10:24.825808+00:00,ID3854
20,Round  Q.C.,2012-03-19 15:12:01.365999+00:00,2012-03-20 13:42:11.158407+00:00,2012-03-20 13:52:05.222503+00:00,ID4493
28,Final Inspection Q.C.,2012-03-19 15:36:07.441501+00:00,2012-03-19 16:48:00.000000+00:00,2012-03-19 16:50:34.357031+00:00,ID4287
30,Round  Q.C.,2012-03-19 16:10:24.825808+00:00,2012-03-20 13:52:05.222503+00:00,2012-03-20 14:40:27.924472+00:00,ID4493
28,Packing,2012-03-19 16:50:34.357031+00:00,2012-03-20 06:24:00.000000+00:00,2012-03-20 06:24:00.000000+00:00,ID4820
23,Turning & Milling Q.C.,2012-03-20 05:00:00.000000+00:00,2012-03-20 06:24:00.000000+00:00,2012-03-20 06:53:00.000000+00:00,ID4167
28,Final Inspection,2012-03-20 06:24:00.000000+00:00,2012-03-20 14:40:27.924472+00:00,2012-03-20 22:30:27.924472+00:00,ID4493
23,Laser Marking,2012-03-20 06:53:00.000000+00:00,2012-03-20 08:48:00.000000+00:00,2012-03-20 13:50:00.000000+00:00,ID4794
23,Flat Grinding,2012-03-20 06:53:00.000000+00:00,2012-03-20 06:53:00.000000+00:00,2012-03-20 11:05:00.000000+00:00,ID3716
11,Final Inspection Q.C.,2012-03-20 13:42:11.158407+00:00,2012-03-20 13:42:11.158407+00:00,2012-03-20 13:51:17.401049+00:00,ID4163
23,Lapping,2012-03-20 13:50:00.000000+00:00,2012-03-20 13:50:00.000000+00:00,2012-03-20 13:52:25.942878+00:00,ID4528
11,Packing,2012-03-20 13:51:17.401049+00:00,2012-03-20 13:51:17.401049+00:00,2012-03-20 13:51:17.401049+00:00,ID4491
11,Final Inspection,2012-03-20 13:51:17.401049+00:00,2012-03-20 22:30:27.924472+00:00,2012-03-20 22:56:27.924472+00:00,ID4493
20,Final Inspection Q.C.,2012-03-20 13:52:05.222503+00:00,2012-03-20 13:52:05.222503+00:00,2012-03-21 13:53:47.494879+00:00,ID4618
23,Round Grinding,2012-03-20 13:52:25.942878+00:00,2012-03-20 13:52:25.942878+00:00,2012-03-20 16:20:05.631469+00:00,ID4160
32,Change Version,2012-03-20 14:00:00.000000+00:00,2012-03-20 14:00:00.000000+00:00,2012-03-21 04:21:59.488499+00:00,ID4851
32,Turning & Milling Q.C.,2012-03-20 14:00:00.000000+00:00,2012-03-20 22:24:00.000000+00:00,2012-03-20 22:39:00.000000+00:00,ID4529
30,Final Inspection Q.C.,2012-03-20 14:40:27.924472+00:00,2012-03-20 14:40:27.924472+00:00,2012-03-20 14:42:26.967746+00:00,ID4287
30,Packing,2012-03-20 14:42:26.967746+00:00,2012-03-20 14:42:26.967746+00:00,2012-03-20 14:42:26.967746+00:00,ID4291
30,Final Inspection,2012-03-20 14:42:26.967746+00:00,2012-03-20 22:56:27.924472+00:00,2012-03-21 06:46:27.924472+00:00,ID4493
23,Round  Q.C.,2012-03-20 16:20:05.631469+00:00,2012-03-21 06:46:27.924472+00:00,2012-03-21 06:57:06.996323+00:00,ID4493
32,Laser Marking,2012-03-20 22:39:00.000000+00:00,2012-03-21 06:24:00.000000+00:00,2012-03-21 06:27:44.497860+00:00,ID4932
32,Lapping,2012-03-21 06:27:44.497860+00:00,2012-03-21 06:27:44.497860+00:00,2012-03-21 06:38:28.259682+00:00,ID4882
32,Round Grinding,2012-03-21 06:38:28.259682+00:00,2012-03-21 06:38:28.259682+00:00,2012-03-21 09:40:32.272469+00:00,ID4355
23,Final Inspection Q.C.,2012-03-21 06:57:06.996323+00:00,2012-03-21 16:00:00.000000+00:00,2012-03-21 16:09:41.702322+00:00,ID4163
33,Rework Milling,2012-03-21 07:00:00.000000+00:00,2012-03-21 18:50:23.495664+00:00,2012-03-21 18:59:27.469281+00:00,ID3641
32,Round  Q.C.,2012-03-21 09:40:32.272469+00:00,2012-03-21 13:36:00.000000+00:00,2012-03-21 13:39:54.206251+00:00,ID4493
32,Final Inspection Q.C.,2012-03-21 13:39:54.206251+00:00,2012-03-21 13:39:54.206251+00:00,2012-03-21 13:56:19.213052+00:00,ID4287
20,Packing,2012-03-21 13:53:47.494879+00:00,2012-03-22 06:24:00.000000+00:00,2012-03-22 06:24:00.000000+00:00,ID4820
32,Packing,2012-03-21 13:56:19.213052+00:00,2012-03-21 13:56:19.213052+00:00,2012-03-21 13:56:19.213052+00:00,ID4491
32,Final Inspection,2012-03-21 13:56:19.213052+00:00,2012-03-21 13:56:19.213052+00:00,2012-03-22 01:46:19.213052+00:00,ID4493
17,Turning & Milling Q.C.,2012-03-21 14:32:01.375271+00:00,2012-03-21 14:32:01.375271+00:00,2012-03-21 14:47:01.375271+00:00,ID0937
18,Turning & Milling Q.C.,2012-03-21 14:41:18.724251+00:00,2012-03-21 14:41:18.724251+00:00,2012-03-21 15:10:18.724251+00:00,ID4167
17,Laser Marking,2012-03-21 14:47:01.375271+00:00,2012-03-22 17:36:00.000000+00:00,2012-03-22 18:44:27.565068+00:00,ID0998
22,Turning & Milling Q.C.,2012-03-21 14:49:52.350309+00:00,2012-03-21 22:24:00.000000+00:00,2012-03-21 22:39:00.000000+00:00,ID4529
24,Turning & Milling Q.C.,2012-03-21 14:59:04.615645+00:00,2012-03-21 14:59:04.615645+00:00,2012-03-21 22:24:16.890745+00:00,ID4618
18,Laser Marking,2012-03-21 15:10:18.724251+00:00,2012-03-21 15:10:18.724251+00:00,2012-03-21 15:52:21.081135+00:00,ID4872
18,Flat Grinding,2012-03-21 15:10:18.724251+00:00,2012-03-21 15:10:18.724251+00:00,2012-03-21 19:46:18.724251+00:00,ID3716
23,Packing,2012-03-21 16:09:41.702322+00:00,2012-03-21 16:09:41.702322+00:00,2012-03-21 16:09:41.702322+00:00,ID4291
23,Final Inspection,2012-03-21 16:09:41.702322+00:00,2012-03-22 01:46:19.213052+00:00,2012-03-22 13:48:19.213052+00:00,ID4493
25,Turning & Milling Q.C.,2012-03-21 16:53:34.604963+00:00,2012-03-21 20:48:00.000000+00:00,2012-03-21 20:52:12.886612+00:00,ID4287
26,Turning & Milling Q.C.,2012-03-21 18:25:55.730612+00:00,2012-03-21 18:25:55.730612+00:00,2012-03-21 18:40:55.730612+00:00,ID0937
27,Turning & Milling Q.C.,2012-03-21 18:32:05.451382+00:00,2012-03-21 18:32:05.451382+00:00,2012-03-21 19:13:05.451382+00:00,ID4167
29,Turning & Milling Q.C.,2012-03-21 18:40:28.856992+00:00,2012-03-21 19:12:00.000000+00:00,2012-03-21 19:12:00.000020+00:00,ID4163
26,Flat Grinding,2012-03-21 18:40:55.730612+00:00,2012-03-21 20:48:00.000000+00:00,2012-03-22 06:38:08.349714+00:00,ID4882
26,Laser Marking,2012-03-21 18:40:55.730612+00:00,2012-03-21 18:40:55.730612+00:00,2012-03-21 19:54:04.370916+00:00,ID4445
31,Turning & Milling Q.C.,2012-03-21 18:50:23.495664+00:00,2012-03-21 18:50:23.495664+00:00,2012-03-21 19:17:23.495664+00:00,ID0937
33,Turning & Milling Q.C.,2012-03-21 18:59:27.469281+00:00,2012-03-21 19:12:00.000020+00:00,2012-03-21 19:12:00.031868+00:00,ID4163
29,Flat Grinding,2012-03-21 19:12:00.000020+00:00,2012-03-21 19:12:00.000020+00:00,2012-03-21 19:31:49.225808+00:00,ID4872
29,Laser Marking,2012-03-21 19:12:00.000020+00:00,2012-03-22 13:36:00.000000+00:00,2012-03-24 20:14:00.000000+00:00,ID4794
33,Laser Marking,2012-03-21 19:12:00.031868+00:00,2012-03-22 20:00:00.000000+00:00,2012-03-22 20:08:45.904178+00:00,ID4932
33,Flat Grinding,2012-03-21 19:12:00.031868+00:00,2012-03-21 19:31:49.225808+00:00,2012-03-21 20:51:57.591931+00:00,ID4872
27,Flat Grinding,2012-03-21 19:13:05.451382+00:00,2012-03-21 19:46:18.724251+00:00,2012-03-22 00:58:18.725251+00:00,ID3716
27,Laser Marking,2012-03-21 19:13:05.451382+00:00,2012-03-21 19:13:05.451382+00:00,2012-03-21 19:13:05.451382+00:00,ID4355
31,Flat Grinding,2012-03-21 19:17:23.495664+00:00,2012-03-21 20:51:57.591931+00:00,2012-03-21 21:44:17.430908+00:00,ID4872
31,Laser Marking,2012-03-21 19:17:23.495664+00:00,2012-03-21 19:17:23.495664+00:00,2012-03-21 19:17:23.495664+00:00,ID4355
18,Lapping,2012-03-21 19:46:18.724251+00:00,2012-03-22 00:00:00.000000+00:00,2012-03-22 00:10:36.436324+00:00,ID4528
25,Laser Marking,2012-03-21 20:52:12.886612+00:00,2012-03-21 20:52:12.886612+00:00,2012-03-21 20:52:12.886612+00:00,ID4355
25,Lapping,2012-03-21 20:52:12.886612+00:00,2012-03-21 20:52:12.886612+00:00,2012-03-21 21:43:12.886612+00:00,ID0937
25,Round Grinding,2012-03-21 21:43:12.886612+00:00,2012-03-21 21:43:12.886612+00:00,2012-03-21 21:51:58.031734+00:00,ID4109
31,Lapping,2012-03-21 21:44:17.430908+00:00,2012-03-21 21:44:17.430908+00:00,2012-03-21 22:40:17.430908+00:00,ID4445
25,Round  Q.C.,2012-03-21 21:51:58.031734+00:00,2012-03-22 13:48:19.213052+00:00,2012-03-22 15:15:41.208859+00:00,ID4493
24,Laser Marking,2012-03-21 22:24:16.890745+00:00,2012-03-21 22:24:16.890745+00:00,2012-03-21 22:24:16.890745+00:00,ID4355
24,Flat Grinding,2012-03-21 22:24:16.890745+00:00,2012-03-21 22:24:16.890745+00:00,2012-03-21 22:45:49.180911+00:00,ID4872
22,Laser Marking,2012-03-21 22:39:00.000000+00:00,2012-03-21 22:39:00.000000+00:00,2012-03-21 22:54:00.000000+00:00,ID4618
31,Round Grinding,2012-03-21 22:40:17.430908+00:00,2012-03-21 22:40:17.430908+00:00,2012-03-21 22:40:24.951339+00:00,ID4385
31,Round  Q.C.,2012-03-21 22:40:24.951339+00:00,2012-03-22 15:15:41.208859+00:00,2012-03-22 15:31:31.801807+00:00,ID4493
24,Lapping,2012-03-21 22:45:49.180911+00:00,2012-03-21 22:45:49.180911+00:00,2012-03-21 23:12:49.180911+00:00,ID0937
22,Lapping,2012-03-21 22:54:00.000000+00:00,2012-03-21 22:54:00.000000+00:00,2012-03-21 23:21:00.000000+00:00,ID4355
24,Round Grinding,2012-03-21 23:12:49.180911+00:00,2012-03-22 13:36:00.000000+00:00,2012-03-22 13:45:40.089127+00:00,ID0420
22,Round Grinding,2012-03-21 23:21:00.000000+00:00,2012-03-21 23:21:00.000000+00:00,2012-03-22 00:44:00.001000+00:00,ID3854
18,Round Grinding,2012-03-22 00:10:36.436324+00:00,2012-03-22 00:10:36.436324+00:00,2012-03-22 06:51:10.761526+00:00,ID4160
22,Round  Q.C.,2012-03-22 00:44:00.001000+00:00,2012-03-22 15:31:31.801807+00:00,2012-03-22 15:55:13.088164+00:00,ID4493
27,Lapping,2012-03-22 00:58:18.725251+00:00,2012-03-22 00:58:18.725251+00:00,2012-03-22 03:18:18.725251+00:00,ID4445
27,Round Grinding,2012-03-22 03:18:18.725251+00:00,2012-03-22 13:36:00.000000+00:00,2012-03-22 13:48:54.424123+00:00,ID4163
20,Final Inspection,2012-03-22 06:24:00.000000+00:00,2012-03-22 15:55:13.088164+00:00,2012-03-22 16:21:13.088164+00:00,ID4493
26,Lapping,2012-03-22 06:38:08.349714+00:00,2012-03-22 06:38:08.349714+00:00,2012-03-22 08:05:12.438276+00:00,ID4872
18,Round  Q.C.,2012-03-22 06:51:10.761526+00:00,2012-03-22 16:21:13.088164+00:00,2012-03-22 16:32:01.342297+00:00,ID4493
26,Round Grinding,2012-03-22 08:05:12.438276+00:00,2012-03-22 13:36:00.000000+00:00,2012-03-22 13:38:13.334569+00:00,ID4287
26,Round  Q.C.,2012-03-22 13:38:13.334569+00:00,2012-03-22 16:32:01.342297+00:00,2012-03-22 16:44:31.405574+00:00,ID4493
24,Round  Q.C.,2012-03-22 13:45:40.089127+00:00,2012-03-22 16:44:31.405574+00:00,2012-03-22 17:40:49.316062+00:00,ID4493
27,Round  Q.C.,2012-03-22 13:48:54.424123+00:00,2012-03-22 17:40:49.316062+00:00,2012-03-22 17:43:00.591377+00:00,ID4493
25,Final Inspection Q.C.,2012-03-22 15:15:41.208859+00:00,2012-03-22 16:00:00.000000+00:00,2012-03-22 16:01:47.829609+00:00,ID4618
31,Final Inspection Q.C.,2012-03-22 15:31:31.801807+00:00,2012-03-22 16:00:00.000000+00:00,2012-03-22 16:33:19.189416+00:00,ID4287
22,Final Inspection Q.C.,2012-03-22 15:55:13.088164+00:00,2012-03-22 16:00:00.000000+00:00,2012-03-22 16:25:31.278014+00:00,ID4163
25,Packing,2012-03-22 16:01:47.829609+00:00,2012-03-22 16:01:47.829609+00:00,2012-03-22 16:01:47.829609+00:00,ID4491
25,Final Inspection,2012-03-22 16:01:47.829609+00:00,2012-03-22 17:43:00.591377+00:00,2012-03-22 18:33:00.591377+00:00,ID4493
22,Packing,2012-03-22 16:25:31.278014+00:00,2012-03-22 16:25:31.278014+00:00,2012-03-22 16:25:31.278014+00:00,ID4291
18,Final Inspection Q.C.,2012-03-22 16:32:01.342297+00:00,2012-03-22 16:32:01.342297+00:00,2012-03-22 16:43:03.558665+00:00,ID4618
31,Packing,2012-03-22 16:33:19.189416+00:00,2012-03-23 06:24:00.000000+00:00,2012-03-23 06:24:00.000000+00:00,ID4820
18,Packing,2012-03-22 16:43:03.558665+00:00,2012-03-22 16:43:03.558665+00:00,2012-03-22 16:43:03.558665+00:00,ID4491
18,Final Inspection,2012-03-22 16:43:03.558665+00:00,2012-03-22 18:33:00.591377+00:00,2012-03-22 18:59:00.591377+00:00,ID4493
26,Final Inspection Q.C.,2012-03-22 16:44:31.405574+00:00,2012-03-22 16:44:31.405574+00:00,2012-03-22 17:07:58.429887+00:00,ID4163
26,Packing,2012-03-22 17:07:58.429887+00:00,2012-03-22 17:07:58.429887+00:00,2012-03-22 17:07:58.429887+00:00,ID4291
26,Final Inspection,2012-03-22 17:07:58.429887+00:00,2012-03-22 18:59:00.591377+00:00,2012-03-23 14:25:00.591377+00:00,ID4493
24,Final Inspection Q.C.,2012-03-22 17:40:49.316062+00:00,2012-03-22 18:24:00.000000+00:00,2012-03-22 18:24:24.221583+00:00,ID4287
27,Final Inspection Q.C.,2012-03-22 17:43:00.591377+00:00,2012-03-22 21:36:00.000000+00:00,2012-03-22 21:46:37.383624+00:00,ID4618
24,Packing,2012-03-22 18:24:24.221583+00:00,2012-03-22 18:24:24.221583+00:00,2012-03-22 18:24:24.221583+00:00,ID4491
24,Final Inspection,2012-03-22 18:24:24.221583+00:00,2012-03-23 14:25:00.591377+00:00,2012-03-23 14:51:00.591377+00:00,ID4493
17,Lapping,2012-03-22 18:44:27.565068+00:00,2012-03-22 18:44:27.565068+00:00,2012-03-22 18:59:27.565068+00:00,ID0937
17,Round Grinding,2012-03-22 18:59:27.565068+00:00,2012-03-22 18:59:27.565068+00:00,2012-03-22 19:11:33.762466+00:00,ID4109
17,Round  Q.C.,2012-03-22 19:11:33.762466+00:00,2012-03-23 14:51:00.591377+00:00,2012-03-23 17:58:30.100474+00:00,ID4493
33,Lapping,2012-03-22 20:08:45.904178+00:00,2012-03-22 20:08:45.904178+00:00,2012-03-22 20:23:45.904178+00:00,ID4355
33,Round Grinding,2012-03-22 20:23:45.904178+00:00,2012-03-22 22:24:00.000000+00:00,2012-03-22 22:34:22.903779+00:00,ID4385
27,Packing,2012-03-22 21:46:37.383624+00:00,2012-03-22 21:46:37.383624+00:00,2012-03-22 21:46:37.383624+00:00,ID4291
27,Final Inspection,2012-03-22 21:46:37.383624+00:00,2012-03-23 17:58:30.100474+00:00,2012-03-23 19:36:30.100474+00:00,ID4493
33,Round  Q.C.,2012-03-22 22:34:22.903779+00:00,2012-03-23 19:36:30.100474+00:00,2012-03-23 19:47:18.777269+00:00,ID4493
31,Final Inspection,2012-03-23 06:24:00.000000+00:00,2012-03-23 19:47:18.777269+00:00,2012-03-24 00:49:18.777269+00:00,ID4493
17,Final Inspection Q.C.,2012-03-23 17:58:30.100474+00:00,2012-03-25 16:00:00.000000+00:00,2012-03-25 16:13:26.375913+00:00,ID4163
33,Final Inspection Q.C.,2012-03-23 19:47:18.777269+00:00,2012-03-23 19:47:18.777269+00:00,2012-03-25 06:56:52.140404+00:00,ID4287
29,Lapping,2012-03-24 20:14:00.000000+00:00,2012-03-25 13:36:00.000000+00:00,2012-03-25 13:36:05.168011+00:00,ID4528
34,Rework Milling,2012-03-25 05:00:00.000000+00:00,2012-03-28 14:24:00.000000+00:00,2012-03-28 14:33:33.602311+00:00,ID3641
33,Packing,2012-03-25 06:56:52.140404+00:00,2012-03-25 06:56:52.140404+00:00,2012-03-25 06:56:52.140404+00:00,ID4491
33,Final Inspection,2012-03-25 06:56:52.140404+00:00,2012-03-25 06:56:52.140404+00:00,2012-03-25 08:22:52.140404+00:00,ID4493
29,Round Grinding,2012-03-25 13:36:05.168011+00:00,2012-03-25 13:36:05.168011+00:00,2012-03-25 14:59:05.168011+00:00,ID3854
35,Rework Milling,2012-03-25 13:59:59.999999+00:00,2012-03-28 14:33:33.602311+00:00,2012-03-28 14:42:15.484980+00:00,ID3641
29,Round  Q.C.,2012-03-25 14:59:05.168011+00:00,2012-03-25 16:48:00.000000+00:00,2012-03-25 16:48:10.017377+00:00,ID4493
17,Packing,2012-03-25 16:13:26.375913+00:00,2012-03-25 16:13:26.375913+00:00,2012-03-25 16:13:26.375913+00:00,ID4291
17,Final Inspection,2012-03-25 16:13:26.375913+00:00,2012-03-25 16:48:10.017377+00:00,2012-03-25 17:50:10.017377+00:00,ID4493
29,Final Inspection Q.C.,2012-03-25 16:48:10.017377+00:00,2012-03-25 21:36:00.000000+00:00,2012-03-26 14:46:34.149513+00:00,ID4618
29,Packing,2012-03-26 14:46:34.149513+00:00,2012-03-27 06:24:00.000000+00:00,2012-03-27 06:24:00.000000+00:00,ID4820
36,Turning & Milling Q.C.,2012-03-26 19:46:46.615355+00:00,2012-03-26 19:46:46.615355+00:00,2012-03-26 21:51:46.615355+00:00,ID4167
36,Turning & Milling,2012-03-26 19:46:46.615355+00:00,2012-03-26 19:46:46.615355+00:00,2012-03-27 00:49:46.616356+00:00,ID4162
37,Turning & Milling,2012-03-26 19:47:16.807231+00:00,2012-03-26 19:47:16.807231+00:00,2012-03-27 09:31:28.468955+00:00,ID4718
37,Turning & Milling Q.C.,2012-03-26 19:47:16.807231+00:00,2012-03-26 22:24:00.000000+00:00,2012-03-26 22:39:00.000000+00:00,ID4529
38,Turn & Mill. & Screw Assem,2012-03-26 21:04:30.327756+00:00,2012-03-27 17:36:00.000000+00:00,2012-03-27 17:43:33.376299+00:00,ID4641
36,Laser Marking,2012-03-26 21:51:46.615355+00:00,2012-03-26 21:51:46.615355+00:00,2012-03-26 23:30:24.053969+00:00,ID4445
36,Flat Grinding,2012-03-26 21:51:46.615355+00:00,2012-03-26 21:51:46.615355+00:00,2012-03-27 03:51:46.616355+00:00,ID3716
37,Flat Grinding,2012-03-26 22:39:00.000000+00:00,2012-03-26 23:12:00.000000+00:00,2012-03-26 23:15:31.598164+00:00,ID4882
39,Rework Milling,2012-03-26 23:05:25.404829+00:00,2012-03-28 14:42:15.484980+00:00,2012-03-28 14:51:46.046178+00:00,ID3641
36,Lapping,2012-03-27 03:51:46.616355+00:00,2012-03-27 03:51:46.616355+00:00,2012-03-27 06:36:01.338357+00:00,ID4872
29,Final Inspection,2012-03-27 06:24:00.000000+00:00,2012-03-27 13:36:00.000000+00:00,2012-03-27 14:26:00.000000+00:00,ID4493
36,Round Grinding,2012-03-27 06:36:01.338357+00:00,2012-03-27 06:36:01.338357+00:00,2012-03-27 10:22:34.590141+00:00,ID4160
37,Laser Marking,2012-03-27 09:31:28.468955+00:00,2012-03-27 09:31:28.468955+00:00,2012-03-27 09:33:01.253341+00:00,ID0998
37,Lapping,2012-03-27 09:33:01.253341+00:00,2012-03-27 09:33:01.253341+00:00,2012-03-27 09:48:01.253341+00:00,ID0937
37,Round Grinding,2012-03-27 09:48:01.253341+00:00,2012-03-27 13:36:00.000000+00:00,2012-03-27 13:36:07.919379+00:00,ID0420
36,Round  Q.C.,2012-03-27 10:22:34.590141+00:00,2012-03-27 14:26:00.000000+00:00,2012-03-27 14:44:44.695928+00:00,ID4493
37,Round  Q.C.,2012-03-27 13:36:07.919379+00:00,2012-03-27 14:44:44.695928+00:00,2012-03-27 14:56:42.508310+00:00,ID4493
36,Final Inspection Q.C.,2012-03-27 14:44:44.695928+00:00,2012-03-27 14:44:44.695928+00:00,2012-03-27 14:44:46.991340+00:00,ID4287
36,Packing,2012-03-27 14:44:46.991340+00:00,2012-03-27 14:44:46.991340+00:00,2012-03-27 14:44:46.991340+00:00,ID4491
36,Final Inspection,2012-03-27 14:44:46.991340+00:00,2012-03-27 14:56:42.508310+00:00,2012-03-27 22:46:42.508310+00:00,ID4493
37,Final Inspection Q.C.,2012-03-27 14:56:42.508310+00:00,2012-03-27 20:00:00.000000+00:00,2012-03-27 20:42:02.543926+00:00,ID4163
40,Rework Milling,2012-03-27 16:00:00.000000+00:00,2012-03-28 14:51:46.046178+00:00,2012-03-28 16:50:26.304126+00:00,ID3641
41,Rework Milling,2012-03-27 16:00:00.107526+00:00,2012-03-28 16:50:26.304126+00:00,2012-03-28 16:57:23.551526+00:00,ID3641
38,Turning & Milling Q.C.,2012-03-27 17:43:33.376299+00:00,2012-03-27 20:00:00.000000+00:00,2012-03-27 20:20:39.249467+00:00,ID4618
38,Laser Marking,2012-03-27 20:20:39.249467+00:00,2012-03-28 06:24:00.000000+00:00,2012-03-28 06:36:27.022181+00:00,ID4932
38,Flat Grinding,2012-03-27 20:20:39.249467+00:00,2012-03-27 21:36:00.000000+00:00,2012-03-27 21:36:17.367002+00:00,ID4882
37,Packing,2012-03-27 20:42:02.543926+00:00,2012-03-27 20:42:02.543926+00:00,2012-03-27 20:42:02.543926+00:00,ID4291
37,Final Inspection,2012-03-27 20:42:02.543926+00:00,2012-03-27 22:46:42.508310+00:00,2012-03-28 06:36:42.508310+00:00,ID4493
42,Rework Milling,2012-03-28 03:00:00.000000+00:00,2012-03-28 16:57:23.551526+00:00,2012-03-28 18:32:27.063908+00:00,ID3641
38,Lapping,2012-03-28 06:36:27.022181+00:00,2012-03-28 06:36:27.022181+00:00,2012-03-28 06:51:27.022181+00:00,ID4355
38,Round Grinding,2012-03-28 06:51:27.022181+00:00,2012-03-28 06:51:27.022181+00:00,2012-03-28 08:00:45.714429+00:00,ID4109
43,Rework Milling,2012-03-28 07:00:00.000000+00:00,2012-03-28 18:32:27.063908+00:00,2012-03-28 18:43:46.956269+00:00,ID3641
38,Round  Q.C.,2012-03-28 08:00:45.714429+00:00,2012-03-28 08:00:45.714429+00:00,2012-03-28 08:08:59.418764+00:00,ID4493
38,Final Inspection Q.C.,2012-03-28 08:08:59.418764+00:00,2012-03-28 13:36:00.000000+00:00,2012-03-28 13:41:31.947194+00:00,ID4287
44,Turning,2012-03-28 13:20:50.602538+00:00,2012-03-28 13:20:50.602538+00:00,2012-03-28 14:08:50.601539+00:00,ID3718
44,Turning & Milling,2012-03-28 13:20:50.602538+00:00,2012-03-28 13:20:50.602538+00:00,2012-03-29 01:44:50.603539+00:00,ID4783
38,Packing,2012-03-28 13:41:31.947194+00:00,2012-03-29 06:24:00.000000+00:00,2012-03-29 06:24:00.000000+00:00,ID4820
44,Turning Q.C.,2012-03-28 14:08:50.601539+00:00,2012-03-28 14:24:00.000000+00:00,2012-03-28 14:33:31.091042+00:00,ID4618
44,Turning & Milling,2012-03-28 14:08:50.601539+00:00,2012-03-28 22:24:00.000000+00:00,2012-03-28 22:24:27.775259+00:00,ID3846
34,Turning & Milling Q.C.,2012-03-28 14:33:33.602311+00:00,2012-03-28 14:33:33.602311+00:00,2012-03-28 15:02:33.602311+00:00,ID4167
35,Turning & Milling Q.C.,2012-03-28 14:42:15.484980+00:00,2012-03-28 22:24:00.000000+00:00,2012-03-28 22:39:00.000000+00:00,ID4529
39,Turning & Milling Q.C.,2012-03-28 14:51:46.046178+00:00,2012-03-28 14:51:46.046178+00:00,2012-03-28 15:06:46.046178+00:00,ID0937
34,Flat Grinding,2012-03-28 15:02:33.602311+00:00,2012-03-28 15:02:33.602311+00:00,2012-03-28 19:38:33.602311+00:00,ID3716
34,Laser Marking,2012-03-28 15:02:33.602311+00:00,2012-03-28 16:00:00.000000+00:00,2012-03-28 16:38:00.000000+00:00,ID4794
39,Laser Marking,2012-03-28 15:06:46.046178+00:00,2012-03-28 15:06:46.046178+00:00,2012-03-28 15:14:59.622880+00:00,ID4445
39,Flat Grinding,2012-03-28 15:06:46.046178+00:00,2012-03-28 15:06:46.046178+00:00,2012-03-28 15:28:51.876048+00:00,ID4872
39,Lapping,2012-03-28 15:28:51.876048+00:00,2012-03-28 18:24:00.000000+00:00,2012-03-28 18:25:23.508161+00:00,ID4528
40,Turning & Milling Q.C.,2012-03-28 16:50:26.304126+00:00,2012-03-28 19:12:00.000000+00:00,2012-03-28 19:34:45.404315+00:00,ID4163
41,Turning & Milling Q.C.,2012-03-28 16:57:23.551526+00:00,2012-03-29 00:48:00.000000+00:00,2012-03-29 00:50:40.232821+00:00,ID4493
39,Round Grinding,2012-03-28 18:25:23.508161+00:00,2012-03-28 22:24:00.000000+00:00,2012-03-28 22:33:45.692487+00:00,ID4385
42,Turning & Milling Q.C.,2012-03-28 18:32:27.063908+00:00,2012-03-28 20:48:00.000000+00:00,2012-03-28 20:48:19.332634+00:00,ID4287
43,Turning & Milling Q.C.,2012-03-28 18:43:46.956269+00:00,2012-03-28 22:24:00.000000+00:00,2012-03-28 22:24:35.802643+00:00,ID4618
40,Laser Marking,2012-03-28 19:34:45.404315+00:00,2012-03-29 17:36:00.000000+00:00,2012-03-29 17:40:51.369375+00:00,ID0998
40,Flat Grinding,2012-03-28 19:34:45.404315+00:00,2012-03-28 20:48:00.000000+00:00,2012-03-28 20:53:14.366485+00:00,ID4882
34,Lapping,2012-03-28 19:38:33.602311+00:00,2012-03-28 19:38:33.602311+00:00,2012-03-28 19:53:33.602311+00:00,ID4355
34,Round Grinding,2012-03-28 19:53:33.602311+00:00,2012-03-28 19:53:33.602311+00:00,2012-03-28 23:16:33.602311+00:00,ID3854
42,Flat Grinding,2012-03-28 20:48:19.332634+00:00,2012-03-28 20:48:19.332634+00:00,2012-03-28 22:24:10.853667+00:00,ID4872
42,Laser Marking,2012-03-28 20:48:19.332634+00:00,2012-03-29 20:00:00.000000+00:00,2012-03-29 20:06:38.845178+00:00,ID4932
45,Rework Milling,2012-03-28 22:00:00.000000+00:00,2012-04-04 14:24:00.000000+00:00,2012-04-04 14:33:51.085436+00:00,ID3641
43,Flat Grinding,2012-03-28 22:24:35.802643+00:00,2012-03-28 22:24:35.802643+00:00,2012-03-29 03:36:35.803643+00:00,ID3716
43,Laser Marking,2012-03-28 22:24:35.802643+00:00,2012-03-28 22:24:35.802643+00:00,2012-03-28 23:52:27.319684+00:00,ID4445
39,Round  Q.C.,2012-03-28 22:33:45.692487+00:00,2012-03-29 00:50:40.232821+00:00,2012-03-29 01:48:52.376255+00:00,ID4493
35,Laser Marking,2012-03-28 22:39:00.000000+00:00,2012-03-29 13:36:00.000000+00:00,2012-03-31 20:14:00.000000+00:00,ID4794
34,Round  Q.C.,2012-03-28 23:16:33.602311+00:00,2012-03-29 01:48:52.376255+00:00,2012-03-29 01:51:25.634962+00:00,ID4493
41,Flat Grinding,2012-03-29 00:50:40.232821+00:00,2012-03-29 06:24:00.000000+00:00,2012-03-29 06:24:00.279169+00:00,ID4882
41,Laser Marking,2012-03-29 00:50:40.232821+00:00,2012-03-29 00:50:40.232821+00:00,2012-03-29 00:50:40.232821+00:00,ID4355
46,Turning,2012-03-29 01:00:00.000001+00:00,2012-03-30 04:00:00.000000+00:00,2012-03-30 04:01:23.920656+00:00,ID4219
46,Turning & Milling,2012-03-29 01:00:00.000001+00:00,2012-04-01 16:00:00.000000+00:00,2012-04-01 16:04:16.223068+00:00,ID4429
44,Milling,2012-03-29 01:44:50.603539+00:00,2012-03-29 01:44:50.603539+00:00,2012-03-29 06:32:33.513493+00:00,ID4140
44,Milling,2012-03-29 01:44:50.603539+00:00,2012-03-29 02:24:00.000000+00:00,2012-03-29 02:36:00.000000+00:00,ID4873
39,Final Inspection Q.C.,2012-03-29 01:48:52.376255+00:00,2012-03-29 13:36:00.000000+00:00,2012-03-29 13:47:42.071284+00:00,ID4163
34,Final Inspection Q.C.,2012-03-29 01:51:25.634962+00:00,2012-03-29 13:36:00.000000+00:00,2012-03-29 13:40:07.725770+00:00,ID4287
43,Lapping,2012-03-29 03:36:35.803643+00:00,2012-03-29 03:36:35.803643+00:00,2012-03-29 03:51:35.803643+00:00,ID0937
43,Round Grinding,2012-03-29 03:51:35.803643+00:00,2012-03-29 03:51:35.803643+00:00,2012-03-29 08:31:12.623495+00:00,ID4160
38,Final Inspection,2012-03-29 06:24:00.000000+00:00,2012-03-29 13:36:00.000000+00:00,2012-03-29 15:14:00.000000+00:00,ID4493
41,Lapping,2012-03-29 06:24:00.279169+00:00,2012-03-29 13:36:00.000000+00:00,2012-03-29 13:37:13.478852+00:00,ID4528
44,Turning & Milling Q.C.,2012-03-29 06:32:33.513493+00:00,2012-03-29 06:32:33.513493+00:00,2012-03-29 08:01:33.513493+00:00,ID4167
44,Laser Marking,2012-03-29 08:01:33.513493+00:00,2012-03-29 08:01:33.513493+00:00,2012-03-29 08:43:21.830571+00:00,ID4872
43,Round  Q.C.,2012-03-29 08:31:12.623495+00:00,2012-03-29 15:14:00.000000+00:00,2012-03-29 15:35:11.653891+00:00,ID4493
44,Lapping,2012-03-29 08:43:21.830571+00:00,2012-03-29 08:43:21.830571+00:00,2012-03-29 09:15:21.830571+00:00,ID4445
44,Round Grinding,2012-03-29 09:15:21.830571+00:00,2012-03-29 13:36:00.000000+00:00,2012-03-29 13:38:07.824989+00:00,ID0420
41,Round Grinding,2012-03-29 13:37:13.478852+00:00,2012-03-29 13:37:13.478852+00:00,2012-03-29 14:03:10.105852+00:00,ID4109
44,Round  Q.C.,2012-03-29 13:38:07.824989+00:00,2012-03-29 15:35:11.653891+00:00,2012-03-29 15:45:29.906171+00:00,ID4493
34,Packing,2012-03-29 13:40:07.725770+00:00,2012-03-29 13:40:07.725770+00:00,2012-03-29 13:40:07.725770+00:00,ID4491
34,Final Inspection,2012-03-29 13:40:07.725770+00:00,2012-03-29 15:45:29.906171+00:00,2012-03-29 16:11:29.906171+00:00,ID4493
39,Packing,2012-03-29 13:47:42.071284+00:00,2012-03-29 13:47:42.071284+00:00,2012-03-29 13:47:42.071284+00:00,ID4291
39,Final Inspection,2012-03-29 13:47:42.071284+00:00,2012-03-29 16:11:29.906171+00:00,2012-03-29 16:37:29.906171+00:00,ID4493
41,Round  Q.C.,2012-03-29 14:03:10.105852+00:00,2012-03-29 16:37:29.906171+00:00,2012-03-29 17:36:13.798079+00:00,ID4493
43,Final Inspection Q.C.,2012-03-29 15:35:11.653891+00:00,2012-03-29 16:00:00.000000+00:00,2012-03-29 16:10:56.634623+00:00,ID4618
44,Final Inspection Q.C.,2012-03-29 15:45:29.906171+00:00,2012-03-29 16:00:00.000000+00:00,2012-03-29 16:01:11.274484+00:00,ID4287
44,Packing,2012-03-29 16:01:11.274484+00:00,2012-03-30 06:24:00.000000+00:00,2012-03-30 06:24:00.000000+00:00,ID4820
43,Packing,2012-03-29 16:10:56.634623+00:00,2012-03-29 16:10:56.634623+00:00,2012-03-29 16:10:56.634623+00:00,ID4491
43,Final Inspection,2012-03-29 16:10:56.634623+00:00,2012-03-29 17:36:13.798079+00:00,2012-03-29 18:26:13.798079+00:00,ID4493
41,Final Inspection Q.C.,2012-03-29 17:36:13.798079+00:00,2012-03-29 17:36:13.798079+00:00,2012-03-29 18:07:58.906484+00:00,ID4163
40,Lapping,2012-03-29 17:40:51.369375+00:00,2012-03-29 17:40:51.369375+00:00,2012-03-29 17:55:51.369375+00:00,ID4355
40,Round Grinding,2012-03-29 17:55:51.369375+00:00,2012-03-29 22:24:00.000000+00:00,2012-03-29 22:27:12.929541+00:00,ID4385
41,Packing,2012-03-29 18:07:58.906484+00:00,2012-03-29 18:07:58.906484+00:00,2012-03-29 18:07:58.906484+00:00,ID4291
41,Final Inspection,2012-03-29 18:07:58.906484+00:00,2012-03-29 18:26:13.798079+00:00,2012-03-29 18:52:13.798079+00:00,ID4493
42,Lapping,2012-03-29 20:06:38.845178+00:00,2012-03-29 20:06:38.845178+00:00,2012-03-29 20:21:38.845178+00:00,ID0937
42,Round Grinding,2012-03-29 20:21:38.845178+00:00,2012-03-29 20:21:38.845178+00:00,2012-03-29 22:56:38.845178+00:00,ID3854
40,Round  Q.C.,2012-03-29 22:27:12.929541+00:00,2012-03-30 13:36:00.000000+00:00,2012-03-30 14:26:10.558571+00:00,ID4493
42,Round  Q.C.,2012-03-29 22:56:38.845178+00:00,2012-03-30 14:26:10.558571+00:00,2012-03-30 14:38:10.981838+00:00,ID4493
46,Turning Q.C.,2012-03-30 04:01:23.920656+00:00,2012-03-30 14:24:00.000000+00:00,2012-03-30 14:53:12.770352+00:00,ID4287
46,Turning & Milling,2012-03-30 04:01:23.920656+00:00,2012-03-30 13:36:00.000000+00:00,2012-03-30 13:40:07.464910+00:00,ID0997
44,Final Inspection,2012-03-30 06:24:00.000000+00:00,2012-03-30 14:38:10.981838+00:00,2012-03-30 17:40:10.981838+00:00,ID4493
47,Turning & Milling Q.C.,2012-03-30 06:59:59.999999+00:00,2012-03-30 06:59:59.999999+00:00,2012-03-30 07:26:59.999999+00:00,ID4529
47,Turning & Milling,2012-03-30 06:59:59.999999+00:00,2012-03-30 19:12:00.000000+00:00,2012-03-30 19:16:04.815701+00:00,ID4132
47,Laser Marking,2012-03-30 07:26:59.999999+00:00,2012-03-30 19:12:00.000000+00:00,2012-03-30 19:12:00.459191+00:00,ID4882
47,Flat Grinding,2012-03-30 07:26:59.999999+00:00,2012-03-30 08:00:00.000000+00:00,2012-03-30 11:12:00.000000+00:00,ID3716
48,Rework Milling,2012-03-30 14:00:00.000000+00:00,2012-04-04 14:33:51.085436+00:00,2012-04-04 14:40:23.947577+00:00,ID3641
40,Final Inspection Q.C.,2012-03-30 14:26:10.558571+00:00,2012-03-30 18:24:00.000000+00:00,2012-03-30 18:30:04.375358+00:00,ID4618
42,Final Inspection Q.C.,2012-03-30 14:38:10.981838+00:00,2012-03-30 16:00:00.000000+00:00,2012-03-30 16:20:25.331159+00:00,ID4163
42,Packing,2012-03-30 16:20:25.331159+00:00,2012-03-30 16:20:25.331159+00:00,2012-03-30 16:20:25.331159+00:00,ID4491
42,Final Inspection,2012-03-30 16:20:25.331159+00:00,2012-03-30 17:40:10.981838+00:00,2012-03-30 19:18:10.981838+00:00,ID4493
40,Packing,2012-03-30 18:30:04.375358+00:00,2012-03-30 18:30:04.375358+00:00,2012-03-30 18:30:04.375358+00:00,ID4291
40,Final Inspection,2012-03-30 18:30:04.375358+00:00,2012-03-30 19:18:10.981838+00:00,2012-03-30 19:44:10.981838+00:00,ID4493
47,Lapping,2012-03-30 19:12:00.459191+00:00,2012-03-30 19:12:00.459191+00:00,2012-03-31 16:27:37.167417+00:00,ID4872
47,Round Grinding,2012-03-31 16:27:37.167417+00:00,2012-03-31 16:27:37.167417+00:00,2012-03-31 18:36:19.799360+00:00,ID4160
47,Round  Q.C.,2012-03-31 18:36:19.799360+00:00,2012-04-01 06:24:00.000000+00:00,2012-04-01 06:46:49.816712+00:00,ID4493
35,Lapping,2012-03-31 20:14:00.000000+00:00,2012-03-31 20:14:00.000000+00:00,2012-03-31 20:46:00.000000+00:00,ID4445
35,Round Grinding,2012-03-31 20:46:00.000000+00:00,2012-04-01 13:36:00.000000+00:00,2012-04-01 13:57:51.184936+00:00,ID4528
49,Rework Milling,2012-04-01 05:00:00.000000+00:00,2012-04-04 14:40:23.947577+00:00,2012-04-04 14:46:35.221417+00:00,ID3641
47,Final Inspection Q.C.,2012-04-01 06:46:49.816712+00:00,2012-04-01 06:46:49.816712+00:00,2012-04-01 06:58:18.298579+00:00,ID4287
47,Packing,2012-04-01 06:58:18.298579+00:00,2012-04-01 06:58:18.298579+00:00,2012-04-01 06:58:18.298579+00:00,ID4820
47,Final Inspection,2012-04-01 06:58:18.298579+00:00,2012-04-01 06:58:18.298579+00:00,2012-04-01 08:24:18.298579+00:00,ID4493
35,Round  Q.C.,2012-04-01 13:57:51.184936+00:00,2012-04-01 13:57:51.184936+00:00,2012-04-01 17:55:58.167912+00:00,ID4493
46,Milling,2012-04-01 16:04:16.223068+00:00,2012-04-03 14:24:00.000000+00:00,2012-04-03 14:52:40.688568+00:00,ID4326
46,Turning & Milling Q.C.,2012-04-01 16:04:16.223068+00:00,2012-04-01 16:04:16.223068+00:00,2012-04-01 16:33:16.223068+00:00,ID4167
46,Nitration Q.C.,2012-04-01 16:33:16.223068+00:00,2012-04-01 21:36:00.000000+00:00,2012-04-01 21:39:00.000000+00:00,ID4618
35,Final Inspection Q.C.,2012-04-01 17:55:58.167912+00:00,2012-04-02 13:36:00.000000+00:00,2012-04-03 21:37:42.708248+00:00,ID4163
50,Turning & Milling Q.C.,2012-04-01 19:18:51.422986+00:00,2012-04-01 19:18:51.422986+00:00,2012-04-01 19:33:51.422986+00:00,ID0937
50,Turning & Milling,2012-04-01 19:18:51.422986+00:00,2012-04-01 19:18:51.422986+00:00,2012-04-02 06:45:51.422987+00:00,ID4162
50,Flat Grinding,2012-04-01 19:33:51.422986+00:00,2012-04-01 20:48:00.000000+00:00,2012-04-01 20:48:08.418789+00:00,ID0998
50,Laser Marking,2012-04-01 19:33:51.422986+00:00,2012-04-01 19:33:51.422986+00:00,2012-04-01 19:33:51.422986+00:00,ID4355
50,Lapping,2012-04-01 20:48:08.418789+00:00,2012-04-01 21:36:00.000000+00:00,2012-04-01 21:41:39.344640+00:00,ID4882
51,Turning & Milling,2012-04-01 21:00:00.000000+00:00,2012-04-01 21:00:00.000000+00:00,2012-04-02 09:15:16.242832+00:00,ID4718
51,Turning & Milling Q.C.,2012-04-01 21:00:00.000000+00:00,2012-04-02 13:36:00.000000+00:00,2012-04-02 13:51:00.000000+00:00,ID4529
46,Laser Marking,2012-04-01 21:39:00.000000+00:00,2012-04-02 13:36:00.000000+00:00,2012-04-02 13:45:34.170098+00:00,ID4932
50,Round Grinding,2012-04-01 21:41:39.344640+00:00,2012-04-02 15:12:00.000000+00:00,2012-04-02 15:12:51.588744+00:00,ID0420
51,Milling,2012-04-02 09:15:16.242832+00:00,2012-04-03 04:48:00.000000+00:00,2012-04-03 05:00:00.000000+00:00,ID4873
46,Lapping,2012-04-02 13:45:34.170098+00:00,2012-04-02 13:45:34.170098+00:00,2012-04-02 13:47:20.316915+00:00,ID4872
46,Round Grinding,2012-04-02 13:47:20.316915+00:00,2012-04-02 13:47:20.316915+00:00,2012-04-02 14:42:45.750500+00:00,ID4109
51,Laser Marking,2012-04-02 13:51:00.000000+00:00,2012-04-02 13:51:00.000000+00:00,2012-04-03 13:41:00.000000+00:00,ID4794
51,Flat Grinding,2012-04-02 13:51:00.000000+00:00,2012-04-02 13:51:00.000000+00:00,2012-04-02 17:51:00.000000+00:00,ID3716
46,Round  Q.C.,2012-04-02 14:42:45.750500+00:00,2012-04-02 15:12:00.000000+00:00,2012-04-02 15:15:24.554074+00:00,ID4493
50,Round  Q.C.,2012-04-02 15:12:51.588744+00:00,2012-04-02 15:15:24.554074+00:00,2012-04-02 15:18:04.674759+00:00,ID4493
46,Final Inspection Q.C.,2012-04-02 15:15:24.554074+00:00,2012-04-02 16:48:00.000000+00:00,2012-04-02 16:56:25.160945+00:00,ID4287
50,Final Inspection Q.C.,2012-04-02 15:18:04.674759+00:00,2012-04-02 16:00:00.000000+00:00,2012-04-02 16:00:03.428992+00:00,ID4618
52,Change Version,2012-04-02 15:59:59.999999+00:00,2012-04-02 16:48:00.000000+00:00,2012-04-02 22:45:00.214584+00:00,ID4890
52,Turning & Milling Q.C.,2012-04-02 15:59:59.999999+00:00,2012-04-02 15:59:59.999999+00:00,2012-04-02 16:28:59.999999+00:00,ID4167
50,Packing,2012-04-02 16:00:03.428992+00:00,2012-04-02 16:00:03.428992+00:00,2012-04-02 16:00:03.428992+00:00,ID4491
50,Final Inspection,2012-04-02 16:00:03.428992+00:00,2012-04-03 13:36:00.000000+00:00,2012-04-03 14:26:00.000000+00:00,ID4493
53,Rework Milling,2012-04-02 16:27:13.362773+00:00,2012-04-04 14:46:35.221417+00:00,2012-04-04 14:53:52.939486+00:00,ID3641
54,Turning & Milling,2012-04-02 16:27:19.727574+00:00,2012-04-03 17:36:00.000000+00:00,2012-04-03 17:43:38.386612+00:00,ID4641
54,Turning,2012-04-02 16:27:19.727574+00:00,2012-04-02 16:27:19.727574+00:00,2012-04-02 16:27:19.727574+00:00,ID4442
54,Turning Q.C.,2012-04-02 16:27:19.727574+00:00,2012-04-02 16:27:19.727574+00:00,2012-04-02 16:41:59.134700+00:00,ID4618
52,Flat Grinding,2012-04-02 16:28:59.999999+00:00,2012-04-02 16:48:00.000000+00:00,2012-04-02 16:48:06.226744+00:00,ID0998
52,Laser Marking,2012-04-02 16:28:59.999999+00:00,2012-04-02 16:28:59.999999+00:00,2012-04-02 16:37:09.673023+00:00,ID4445
52,Lapping,2012-04-02 16:48:06.226744+00:00,2012-04-02 17:36:00.000000+00:00,2012-04-02 17:41:05.258780+00:00,ID4528
46,Packing,2012-04-02 16:56:25.160945+00:00,2012-04-02 17:36:00.000000+00:00,2012-04-02 17:36:00.000000+00:00,ID4291
46,Final Inspection,2012-04-02 17:36:00.000000+00:00,2012-04-03 14:26:00.000000+00:00,2012-04-03 14:52:00.000000+00:00,ID4493
52,Round Grinding,2012-04-02 17:41:05.258780+00:00,2012-04-02 22:24:00.000000+00:00,2012-04-02 22:31:00.637452+00:00,ID4385
52,Round  Q.C.,2012-04-02 22:31:00.637452+00:00,2012-04-03 14:52:00.000000+00:00,2012-04-03 14:58:16.489192+00:00,ID4493
55,Rework Milling,2012-04-03 02:49:49.140199+00:00,2012-04-04 14:53:52.939486+00:00,2012-04-04 16:48:49.029374+00:00,ID3641
51,Lapping,2012-04-03 13:41:00.000000+00:00,2012-04-03 13:41:00.000000+00:00,2012-04-03 13:56:00.000000+00:00,ID0937
51,Round Grinding,2012-04-03 13:56:00.000000+00:00,2012-04-03 13:56:00.000000+00:00,2012-04-03 15:19:00.000000+00:00,ID3854
56,Rework Milling,2012-04-03 14:00:00.000000+00:00,2012-04-04 16:48:49.029374+00:00,2012-04-04 18:24:04.983512+00:00,ID3641
52,Final Inspection Q.C.,2012-04-03 14:58:16.489192+00:00,2012-04-03 16:48:00.000000+00:00,2012-04-03 20:15:44.279512+00:00,ID4618
51,Round  Q.C.,2012-04-03 15:19:00.000000+00:00,2012-04-03 22:24:00.000000+00:00,2012-04-03 22:26:22.528955+00:00,ID4493
54,Turning & Milling Q.C.,2012-04-03 17:43:38.386612+00:00,2012-04-03 22:24:00.000000+00:00,2012-04-03 22:39:00.000000+00:00,ID4529
54,Turning & Milling,2012-04-03 17:43:38.386612+00:00,2012-04-03 22:24:00.000000+00:00,2012-04-03 22:24:01.174511+00:00,ID3846
57,Turning & Milling Q.C.,2012-04-03 19:06:58.539671+00:00,2012-04-03 19:06:58.539671+00:00,2012-04-03 19:35:58.539671+00:00,ID4167
57,Grinding Rework,2012-04-03 19:06:58.539671+00:00,2012-04-03 21:36:00.000000+00:00,2012-04-03 22:44:00.000001+00:00,ID4882
57,Turning,2012-04-03 19:06:58.539671+00:00,2012-04-03 19:06:58.539671+00:00,2012-04-03 19:54:58.538672+00:00,ID3718
57,Flat Grinding,2012-04-03 19:35:58.539671+00:00,2012-04-03 19:35:58.539671+00:00,2012-04-03 19:57:05.118116+00:00,ID4872
57,Turning & Milling,2012-04-03 19:54:58.538672+00:00,2012-04-03 19:54:58.538672+00:00,2012-04-04 09:06:58.538673+00:00,ID4783
57,Turning Q.C.,2012-04-03 19:54:58.538672+00:00,2012-04-03 19:54:58.538672+00:00,2012-04-04 13:40:59.648212+00:00,ID4287
52,Packing,2012-04-03 20:15:44.279512+00:00,2012-04-04 06:24:00.000000+00:00,2012-04-04 06:24:00.000000+00:00,ID4820
35,Packing,2012-04-03 21:37:42.708248+00:00,2012-04-03 21:37:42.708248+00:00,2012-04-03 21:37:42.708248+00:00,ID4491
35,Final Inspection,2012-04-03 21:37:42.708248+00:00,2012-04-03 22:26:22.528955+00:00,2012-04-03 22:52:22.528955+00:00,ID4493
54,Milling,2012-04-03 22:24:01.174511+00:00,2012-04-03 22:24:01.174511+00:00,2012-04-04 00:39:34.337685+00:00,ID4140
51,Final Inspection Q.C.,2012-04-03 22:26:22.528955+00:00,2012-04-04 13:36:00.000000+00:00,2012-04-04 13:37:06.314249+00:00,ID4618
54,Laser Marking,2012-04-03 22:39:00.000000+00:00,2012-04-03 22:39:00.000000+00:00,2012-04-03 22:39:00.000000+00:00,ID4355
54,Flat Grinding,2012-04-03 22:39:00.000000+00:00,2012-04-05 17:36:00.000000+00:00,2012-04-05 18:29:06.699752+00:00,ID0998
52,Final Inspection,2012-04-04 06:24:00.000000+00:00,2012-04-04 06:24:00.000000+00:00,2012-04-04 06:50:00.000000+00:00,ID4493
51,Packing,2012-04-04 13:37:06.314249+00:00,2012-04-04 13:37:06.314249+00:00,2012-04-04 13:37:06.314249+00:00,ID4291
51,Final Inspection,2012-04-04 13:37:06.314249+00:00,2012-04-04 13:37:06.314249+00:00,2012-04-05 00:51:06.314249+00:00,ID4493
57,Laser Marking,2012-04-04 13:40:59.648212+00:00,2012-04-04 13:40:59.648212+00:00,2012-04-04 13:44:20.071648+00:00,ID4932
57,Lapping,2012-04-04 13:44:20.071648+00:00,2012-04-04 13:44:20.071648+00:00,2012-04-04 14:16:20.071648+00:00,ID4445
57,Round Grinding,2012-04-04 14:16:20.071648+00:00,2012-04-04 14:16:20.071648+00:00,2012-04-04 15:08:46.867053+00:00,ID4160
45,Turning & Milling Q.C.,2012-04-04 14:33:51.085436+00:00,2012-04-04 14:33:51.085436+00:00,2012-04-04 14:48:51.085436+00:00,ID0937
48,Turning & Milling Q.C.,2012-04-04 14:40:23.947577+00:00,2012-04-04 14:40:23.947577+00:00,2012-04-04 15:09:23.947577+00:00,ID4167
49,Turning & Milling Q.C.,2012-04-04 14:46:35.221417+00:00,2012-04-04 16:00:00.000000+00:00,2012-04-04 16:00:00.000018+00:00,ID4163
45,Nitration Q.C.,2012-04-04 14:48:51.085436+00:00,2012-04-04 14:48:51.085436+00:00,2012-04-04 14:51:51.085436+00:00,ID4618
45,Laser Marking,2012-04-04 14:51:51.085436+00:00,2012-04-04 16:00:00.000000+00:00,2012-04-04 16:38:00.000000+00:00,ID4794
53,Turning & Milling Q.C.,2012-04-04 14:53:52.939486+00:00,2012-04-04 22:24:00.000000+00:00,2012-04-04 22:39:00.000000+00:00,ID4529
57,Round  Q.C.,2012-04-04 15:08:46.867053+00:00,2012-04-05 00:51:06.314249+00:00,2012-04-05 01:38:33.990395+00:00,ID4493
48,Flat Grinding,2012-04-04 15:09:23.947577+00:00,2012-04-04 15:09:23.947577+00:00,2012-04-04 19:45:23.947577+00:00,ID3716
48,Laser Marking,2012-04-04 15:09:23.947577+00:00,2012-04-04 15:09:23.947577+00:00,2012-04-04 15:20:20.779050+00:00,ID4872
49,Laser Marking,2012-04-04 16:00:00.000018+00:00,2012-04-04 16:00:00.000018+00:00,2012-04-04 16:00:00.000018+00:00,ID4355
49,Flat Grinding,2012-04-04 16:00:00.000018+00:00,2012-04-04 16:48:00.000000+00:00,2012-04-04 16:52:36.930842+00:00,ID4882
45,Lapping,2012-04-04 16:38:00.000000+00:00,2012-04-04 18:24:00.000000+00:00,2012-04-04 18:24:23.422595+00:00,ID4528
55,Turning & Milling Q.C.,2012-04-04 16:48:49.029374+00:00,2012-04-04 20:48:00.000000+00:00,2012-04-04 20:59:08.115226+00:00,ID4287
49,Lapping,2012-04-04 16:52:36.930842+00:00,2012-04-04 17:36:00.000000+00:00,2012-04-04 18:32:00.000000+00:00,ID4445
56,Turning & Milling Q.C.,2012-04-04 18:24:04.983512+00:00,2012-04-04 18:24:04.983512+00:00,2012-04-04 18:39:04.983512+00:00,ID0937
45,Round Grinding,2012-04-04 18:24:23.422595+00:00,2012-04-04 18:24:23.422595+00:00,2012-04-04 19:56:19.362574+00:00,ID4109
49,Round Grinding,2012-04-04 18:32:00.000000+00:00,2012-04-05 13:36:00.000000+00:00,2012-04-05 13:45:34.504102+00:00,ID0420
56,Nitration Q.C.,2012-04-04 18:39:04.983512+00:00,2012-04-04 22:24:00.000000+00:00,2012-04-04 22:27:00.000000+00:00,ID4618
48,Lapping,2012-04-04 19:45:23.947577+00:00,2012-04-04 19:45:23.947577+00:00,2012-04-04 22:28:41.352167+00:00,ID4872
45,Round  Q.C.,2012-04-04 19:56:19.362574+00:00,2012-04-05 01:38:33.990395+00:00,2012-04-05 01:58:50.282846+00:00,ID4493
55,Flat Grinding,2012-04-04 20:59:08.115226+00:00,2012-04-04 20:59:08.115226+00:00,2012-04-05 06:39:54.773014+00:00,ID4882
55,Laser Marking,2012-04-04 20:59:08.115226+00:00,2012-04-05 20:00:00.000000+00:00,2012-04-05 20:03:01.341903+00:00,ID4932
56,Laser Marking,2012-04-04 22:27:00.000000+00:00,2012-04-04 22:27:00.000000+00:00,2012-04-04 22:27:00.000000+00:00,ID4355
56,Lapping,2012-04-04 22:27:00.000000+00:00,2012-04-05 00:00:00.000000+00:00,2012-04-05 00:22:22.909635+00:00,ID4528
48,Round Grinding,2012-04-04 22:28:41.352167+00:00,2012-04-04 22:28:41.352167+00:00,2012-04-04 22:44:08.159722+00:00,ID4385
53,Flat Grinding,2012-04-04 22:39:00.000000+00:00,2012-04-04 22:39:00.000000+00:00,2012-04-05 03:51:00.001000+00:00,ID3716
53,Laser Marking,2012-04-04 22:39:00.000000+00:00,2012-04-05 13:36:00.000000+00:00,2012-04-07 20:14:00.000000+00:00,ID4794
48,Round  Q.C.,2012-04-04 22:44:08.159722+00:00,2012-04-05 01:58:50.282846+00:00,2012-04-05 15:14:40.383152+00:00,ID4493
56,Round Grinding,2012-04-05 00:22:22.909635+00:00,2012-04-05 00:22:22.909635+00:00,2012-04-05 03:33:22.909635+00:00,ID3854
57,Final Inspection Q.C.,2012-04-05 01:38:33.990395+00:00,2012-04-05 13:36:00.000000+00:00,2012-04-05 13:44:26.043518+00:00,ID4163
45,Final Inspection Q.C.,2012-04-05 01:58:50.282846+00:00,2012-04-05 13:36:00.000000+00:00,2012-04-05 13:41:14.427996+00:00,ID4287
56,Round  Q.C.,2012-04-05 03:33:22.909635+00:00,2012-04-05 15:14:40.383152+00:00,2012-04-05 15:20:06.587302+00:00,ID4493
45,Packing,2012-04-05 13:41:14.427996+00:00,2012-04-05 13:41:14.427996+00:00,2012-04-05 13:41:14.427996+00:00,ID4491
45,Final Inspection,2012-04-05 13:41:14.427996+00:00,2012-04-05 15:20:06.587302+00:00,2012-04-05 15:46:06.587302+00:00,ID4493
57,Packing,2012-04-05 13:44:26.043518+00:00,2012-04-06 06:24:00.000000+00:00,2012-04-06 06:24:00.000000+00:00,ID4820
49,Round  Q.C.,2012-04-05 13:45:34.504102+00:00,2012-04-05 15:46:06.587302+00:00,2012-04-05 15:50:39.909007+00:00,ID4493
48,Final Inspection Q.C.,2012-04-05 15:14:40.383152+00:00,2012-04-05 16:00:00.000000+00:00,2012-04-05 16:21:24.932676+00:00,ID4618
56,Final Inspection Q.C.,2012-04-05 15:20:06.587302+00:00,2012-04-05 16:00:00.000000+00:00,2012-04-05 16:08:52.691373+00:00,ID4287
49,Final Inspection Q.C.,2012-04-05 15:50:39.909007+00:00,2012-04-05 16:00:00.000000+00:00,2012-04-05 16:11:21.859654+00:00,ID4163
56,Packing,2012-04-05 16:08:52.691373+00:00,2012-04-05 16:08:52.691373+00:00,2012-04-05 16:08:52.691373+00:00,ID4291
56,Final Inspection,2012-04-05 16:08:52.691373+00:00,2012-04-05 16:08:52.691373+00:00,2012-04-05 16:34:52.691373+00:00,ID4493
49,Packing,2012-04-05 16:11:21.859654+00:00,2012-04-05 16:11:21.859654+00:00,2012-04-05 16:11:21.859654+00:00,ID4491
49,Final Inspection,2012-04-05 16:11:21.859654+00:00,2012-04-05 16:34:52.691373+00:00,2012-04-05 17:48:52.691373+00:00,ID4493
48,Packing,2012-04-05 16:21:24.932676+00:00,2012-04-05 16:21:24.932676+00:00,2012-04-05 16:21:24.932676+00:00,ID4291
48,Final Inspection,2012-04-05 16:21:24.932676+00:00,2012-04-05 17:48:52.691373+00:00,2012-04-05 18:38:52.691373+00:00,ID4493
54,Lapping,2012-04-05 18:29:06.699752+00:00,2012-04-05 18:29:06.699752+00:00,2012-04-05 19:01:06.699752+00:00,ID4445
54,Round Grinding,2012-04-05 19:01:06.699752+00:00,2012-04-05 19:01:06.699752+00:00,2012-04-05 19:03:04.460442+00:00,ID4160
54,Round  Q.C.,2012-04-05 19:03:04.460442+00:00,2012-04-06 13:36:00.000000+00:00,2012-04-06 13:54:09.575800+00:00,ID4493
55,Lapping,2012-04-05 20:03:01.341903+00:00,2012-04-05 20:03:01.341903+00:00,2012-04-05 20:18:01.341903+00:00,ID0937
55,Round Grinding,2012-04-05 20:18:01.341903+00:00,2012-04-05 20:18:01.341903+00:00,2012-04-05 20:28:53.016006+00:00,ID4109
55,Round  Q.C.,2012-04-05 20:28:53.016006+00:00,2012-04-06 13:54:09.575800+00:00,2012-04-06 14:34:08.458507+00:00,ID4493
57,Final Inspection,2012-04-06 06:24:00.000000+00:00,2012-04-06 14:34:08.458507+00:00,2012-04-06 17:36:08.458507+00:00,ID4493
54,Final Inspection Q.C.,2012-04-06 13:54:09.575800+00:00,2012-04-06 14:24:00.000000+00:00,2012-04-06 14:24:12.558369+00:00,ID4287
54,Packing,2012-04-06 14:24:12.558369+00:00,2012-04-06 14:24:12.558369+00:00,2012-04-06 14:24:12.558369+00:00,ID4491
54,Final Inspection,2012-04-06 14:24:12.558369+00:00,2012-04-06 17:36:08.458507+00:00,2012-04-06 19:14:08.458507+00:00,ID4493
55,Final Inspection Q.C.,2012-04-06 14:34:08.458507+00:00,2012-04-06 16:00:00.000000+00:00,2012-04-06 16:15:40.564335+00:00,ID4163
55,Packing,2012-04-06 16:15:40.564335+00:00,2012-04-06 16:15:40.564335+00:00,2012-04-06 16:15:40.564335+00:00,ID4291
55,Final Inspection,2012-04-06 16:15:40.564335+00:00,2012-04-06 19:14:08.458507+00:00,2012-04-06 19:40:08.458507+00:00,ID4493
53,Lapping,2012-04-07 20:14:00.000000+00:00,2012-04-07 20:14:00.000000+00:00,2012-04-07 20:29:00.000000+00:00,ID4355
53,Round Grinding,2012-04-07 20:29:00.000000+00:00,2012-04-07 20:29:00.000000+00:00,2012-04-08 08:05:22.538661+00:00,ID4872
53,Round  Q.C.,2012-04-08 08:05:22.538661+00:00,2012-04-08 08:05:22.538661+00:00,2012-04-08 08:19:36.053112+00:00,ID4493
53,Final Inspection Q.C.,2012-04-08 08:19:36.053112+00:00,2012-04-08 13:36:00.000000+00:00,2012-04-08 21:48:26.683930+00:00,ID4618
53,Packing,2012-04-08 21:48:26.683930+00:00,2012-04-09 06:24:00.000000+00:00,2012-04-09 06:24:00.000000+00:00,ID4820
53,Final Inspection,2012-04-09 06:24:00.000000+00:00,2012-04-09 15:12:00.000000+00:00,2012-04-09 15:38:00.000000+00:00,ID4493
