case_id,activity_name,resource,start_timestamp,end_timestamp
Case56,Turning,ID4219,2012-03-06 14:40:00+00:00,2012-03-06 16:09:00+00:00
Case103,Turning & Milling,ID4219,2012-03-06 16:10:00+00:00,2012-03-06 17:18:00+00:00
Case129,Turning & Milling,ID4219,2012-03-06 17:18:00+00:00,2012-03-07 01:21:00+00:00
Case129,Turning & Milling Q.C.,ID4287,2012-03-06 22:50:00+00:00,2012-03-07 00:50:00+00:00
Case205,Round Grinding,ID4872,2012-03-07 01:00:00+00:00,2012-03-07 02:40:00+00:00
Case205,Round Grinding,ID4872,2012-03-07 02:40:00+00:00,2012-03-07 03:30:00+00:00
Case80,Turning & Milling,ID4529,2012-03-07 03:21:00+00:00,2012-03-07 06:51:00+00:00
Case80,Turning & Milling,ID4529,2012-03-07 06:51:00+00:00,2012-03-07 13:52:00+00:00
Case82,Turning & Milling,ID4429,2012-03-07 16:11:00+00:00,2012-03-08 00:05:00+00:00
Case80,Turning & Milling Q.C.,ID4287,2012-03-07 20:20:00+00:00,2012-03-07 22:38:00+00:00
Case205,Final Inspection Q.C.,ID4618,2012-03-07 21:30:00+00:00,2012-03-07 22:17:00+00:00
Case129,Turning & Milling,ID4219,2012-03-07 21:42:00+00:00,2012-03-08 01:59:00+00:00
Case80,Laser Marking,ID0998,2012-03-07 22:50:00+00:00,2012-03-07 23:11:00+00:00
Case82,Turning & Milling,ID4429,2012-03-08 00:05:00+00:00,2012-03-08 00:22:00+00:00
Case82,Turning & Milling,ID4529,2012-03-08 03:18:00+00:00,2012-03-08 04:05:00+00:00
Case129,Turning & Milling,ID0997,2012-03-08 03:19:00+00:00,2012-03-08 05:06:00+00:00
Case82,Turning & Milling,ID4529,2012-03-08 04:05:00+00:00,2012-03-08 12:30:00+00:00
Case56,Turning,ID0997,2012-03-08 05:06:00+00:00,2012-03-08 09:08:00+00:00
Case130,Turning & Milling,ID4529,2012-03-08 06:45:00+00:00,2012-03-08 08:08:00+00:00
Case56,Packing,ID4820,2012-03-08 07:00:00+00:00,2012-03-08 08:00:00+00:00
Case205,Packing,ID4820,2012-03-08 07:00:00+00:00,2012-03-08 08:00:00+00:00
Case56,Turning,ID0997,2012-03-08 09:08:00+00:00,2012-03-08 11:18:00+00:00
Case103,Turning & Milling,ID0997,2012-03-08 11:19:00+00:00,2012-03-08 13:51:00+00:00
Case112,Turning & Milling,ID4641,2012-03-08 13:13:00+00:00,2012-03-08 13:51:00+00:00
Case129,Turning & Milling Q.C.,ID4287,2012-03-08 14:00:00+00:00,2012-03-08 15:40:00+00:00
Case56,Turning Q.C.,ID4618,2012-03-08 14:12:00+00:00,2012-03-08 14:46:00+00:00
Case103,Turning & Milling,ID4219,2012-03-08 17:04:00+00:00,2012-03-08 23:38:00+00:00
Case56,Lapping,ID0998,2012-03-08 17:12:00+00:00,2012-03-08 18:25:00+00:00
Case56,Laser Marking,ID0998,2012-03-08 18:26:00+00:00,2012-03-08 18:44:00+00:00
Case56,Final Inspection Q.C.,ID4618,2012-03-08 18:30:00+00:00,2012-03-08 19:19:00+00:00
Case103,Turning & Milling,ID0997,2012-03-09 03:24:00+00:00,2012-03-09 11:35:00+00:00
Case103,Turning & Milling,ID0997,2012-03-09 11:35:00+00:00,2012-03-09 14:27:00+00:00
Case82,Turning & Milling Q.C.,ID4287,2012-03-09 14:00:00+00:00,2012-03-09 17:52:00+00:00
Case103,Turning & Milling,ID4219,2012-03-09 14:32:00+00:00,2012-03-09 17:27:00+00:00
Case103,Turning & Milling Q.C.,ID4618,2012-03-09 14:32:00+00:00,2012-03-09 17:38:00+00:00
Case129,Lapping,ID0998,2012-03-09 17:44:00+00:00,2012-03-09 18:59:00+00:00
Case97,Turning & Milling Q.C.,ID4287,2012-03-09 18:30:00+00:00,2012-03-09 19:45:00+00:00
Case129,Lapping,ID4287,2012-03-09 19:00:00+00:00,2012-03-09 19:15:00+00:00
Case103,Turning & Milling Q.C.,ID4618,2012-03-11 14:42:00+00:00,2012-03-11 15:16:00+00:00
Case82,Laser Marking,ID0998,2012-03-11 15:37:00+00:00,2012-03-11 16:37:00+00:00
Case103,Turning & Milling,ID0997,2012-03-11 16:03:00+00:00,2012-03-11 17:37:00+00:00
Case103,Turning & Milling,ID0997,2012-03-11 17:37:00+00:00,2012-03-11 18:48:00+00:00
Case7,Turning & Milling,ID4167,2012-03-11 18:48:00+00:00,2012-03-12 02:35:00+00:00
Case103,Turning & Milling,ID0997,2012-03-11 18:49:00+00:00,2012-03-11 23:09:00+00:00
Case97,Laser Marking,ID4445,2012-03-11 21:56:00+00:00,2012-03-11 22:53:00+00:00
Case97,Laser Marking,ID4882,2012-03-11 23:02:00+00:00,2012-03-11 23:48:00+00:00
Case103,Turning & Milling,ID4219,2012-03-11 23:35:00+00:00,2012-03-12 01:35:00+00:00
Case147,Turning,ID4219,2012-03-12 01:36:00+00:00,2012-03-12 06:12:00+00:00
Case7,Setup,ID4932,2012-03-12 02:37:00+00:00,2012-03-12 04:30:00+00:00
Case42,Turning & Milling,ID4794,2012-03-12 03:25:00+00:00,2012-03-12 06:29:00+00:00
Case42,Turning & Milling,ID4794,2012-03-12 06:29:00+00:00,2012-03-12 14:00:00+00:00
Case97,Lapping,ID4882,2012-03-12 07:00:00+00:00,2012-03-12 08:15:00+00:00
Case97,Lapping,ID4882,2012-03-12 07:00:00+00:00,2012-03-12 08:15:00+00:00
Case147,Turning,ID0997,2012-03-12 14:00:00+00:00,2012-03-12 18:00:00+00:00
Case42,Turning & Milling Q.C.,ID4618,2012-03-12 14:14:00+00:00,2012-03-12 14:57:00+00:00
Case7,Turning & Milling,ID4167,2012-03-12 14:53:00+00:00,2012-03-12 23:02:00+00:00
Case36,Turning & Milling,ID4529,2012-03-12 15:14:00+00:00,2012-03-12 20:22:00+00:00
Case42,Turning & Milling,ID4167,2012-03-12 15:17:00+00:00,2012-03-12 23:01:00+00:00
Case103,Turning & Milling Q.C.,ID4618,2012-03-12 15:27:00+00:00,2012-03-12 15:28:00+00:00
Case147,Turning,ID0997,2012-03-12 18:00:00+00:00,2012-03-12 22:54:00+00:00
Case97,Flat Grinding,ID0998,2012-03-12 18:18:00+00:00,2012-03-12 18:19:00+00:00
Case97,Lapping,ID0998,2012-03-12 18:19:00+00:00,2012-03-12 21:10:00+00:00
Case79,Turning & Milling Q.C.,ID4287,2012-03-13 00:00:00+00:00,2012-03-13 01:01:00+00:00
Case7,Turning & Milling,ID4429,2012-03-13 00:17:00+00:00,2012-03-13 02:44:00+00:00
Case42,Turning & Milling,ID4219,2012-03-13 01:04:00+00:00,2012-03-13 02:23:00+00:00
Case147,Turning,ID4219,2012-03-13 02:25:00+00:00,2012-03-13 09:04:00+00:00
Case36,Turning & Milling,ID4429,2012-03-13 02:46:00+00:00,2012-03-13 06:36:00+00:00
Case7,Turning & Milling,ID4932,2012-03-13 02:48:00+00:00,2012-03-13 03:24:00+00:00
Case7,Turning & Milling,ID4932,2012-03-13 03:25:00+00:00,2012-03-13 04:10:00+00:00
Case111,Turning,ID4932,2012-03-13 04:10:00+00:00,2012-03-13 07:13:00+00:00
Case42,Turning & Milling,ID4794,2012-03-13 04:15:00+00:00,2012-03-13 14:01:00+00:00
Case147,Packing,ID4820,2012-03-13 07:00:00+00:00,2012-03-13 08:00:00+00:00
Case83,Turning & Milling,ID4429,2012-03-13 07:00:00+00:00,2012-03-13 08:15:00+00:00
Case111,Turning,ID4932,2012-03-13 07:13:00+00:00,2012-03-13 13:39:00+00:00
Case36,Turning & Milling,ID4932,2012-03-13 07:15:00+00:00,2012-03-13 08:30:00+00:00
Case36,Turning & Milling,ID4932,2012-03-13 07:16:00+00:00,2012-03-13 08:38:00+00:00
Case36,Turning & Milling Q.C.,ID4493,2012-03-13 13:50:00+00:00,2012-03-13 15:08:00+00:00
Case42,Turning & Milling Q.C.,ID4618,2012-03-13 13:53:00+00:00,2012-03-13 15:29:00+00:00
Case147,Turning Q.C.,ID4287,2012-03-13 14:00:00+00:00,2012-03-13 15:00:00+00:00
Case111,Turning,ID4167,2012-03-13 14:10:00+00:00,2012-03-13 23:10:00+00:00
Case42,Turning & Milling,ID4167,2012-03-13 14:23:00+00:00,2012-03-13 22:03:00+00:00
Case36,Turning & Milling,ID4529,2012-03-13 14:25:00+00:00,2012-03-13 16:13:00+00:00
Case69,Milling,ID0997,2012-03-13 14:58:00+00:00,2012-03-13 22:57:00+00:00
Case42,Turning & Milling Q.C.,ID4618,2012-03-13 15:28:00+00:00,2012-03-13 15:29:00+00:00
Case42,Laser Marking,ID0998,2012-03-13 15:29:00+00:00,2012-03-13 15:30:00+00:00
Case42,Flat Grinding,ID0998,2012-03-13 15:30:00+00:00,2012-03-13 16:45:00+00:00
Case42,Lapping,ID0998,2012-03-13 15:31:00+00:00,2012-03-13 16:46:00+00:00
Case42,Flat Grinding,ID0998,2012-03-13 15:32:00+00:00,2012-03-13 17:16:00+00:00
Case42,Round Grinding,ID4872,2012-03-13 15:32:00+00:00,2012-03-13 22:51:00+00:00
Case42,Laser Marking,ID4355,2012-03-13 16:13:00+00:00,2012-03-13 16:42:00+00:00
Case7,Turning & Milling Q.C.,ID4618,2012-03-13 16:19:00+00:00,2012-03-13 16:20:00+00:00
Case103,Laser Marking,ID4355,2012-03-13 16:54:00+00:00,2012-03-13 17:46:00+00:00
Case42,Round Grinding,ID4872,2012-03-13 17:16:00+00:00,2012-03-13 22:53:00+00:00
Case79,Laser Marking,ID4355,2012-03-13 17:47:00+00:00,2012-03-13 21:36:00+00:00
Case147,Final Inspection Q.C.,ID4287,2012-03-13 20:20:00+00:00,2012-03-13 21:03:00+00:00
Case103,Flat Grinding,ID0998,2012-03-13 20:27:00+00:00,2012-03-13 21:04:00+00:00
Case112,Turning & Milling,ID3846,2012-03-13 21:01:00+00:00,2012-03-14 00:48:00+00:00
Case103,Final Inspection Q.C.,ID4618,2012-03-13 21:07:00+00:00,2012-03-14 00:57:00+00:00
Case36,Turning & Milling,ID4529,2012-03-13 21:56:00+00:00,2012-03-13 23:07:00+00:00
Case42,Lapping,ID0998,2012-03-13 22:51:00+00:00,2012-03-13 22:52:00+00:00
Case111,Turning,ID4429,2012-03-13 23:14:00+00:00,2012-03-14 02:42:00+00:00
Case36,Turning & Milling,ID4429,2012-03-14 00:55:00+00:00,2012-03-14 03:14:00+00:00
Case101,Setup,ID4219,2012-03-14 01:47:00+00:00,2012-03-14 03:03:00+00:00
Case111,Turning,ID4932,2012-03-14 02:44:00+00:00,2012-03-14 13:45:00+00:00
Case36,Turning & Milling,ID4932,2012-03-14 03:16:00+00:00,2012-03-14 08:57:00+00:00
Case101,Turning & Milling,ID4219,2012-03-14 03:38:00+00:00,2012-03-14 06:03:00+00:00
Case112,Turning & Milling,ID4132,2012-03-14 04:28:00+00:00,2012-03-14 06:10:00+00:00
Case101,Turning & Milling,ID4219,2012-03-14 06:04:00+00:00,2012-03-14 06:49:00+00:00
Case101,Turning & Milling,ID4219,2012-03-14 06:50:00+00:00,2012-03-14 08:06:00+00:00
Case123,Turning & Milling,ID4429,2012-03-14 07:00:00+00:00,2012-03-14 08:15:00+00:00
Case79,Lapping,ID4882,2012-03-14 07:00:00+00:00,2012-03-14 08:15:00+00:00
Case101,Turning & Milling,ID4794,2012-03-14 08:06:00+00:00,2012-03-14 13:28:00+00:00
Case4,SETUP     Turning & Milling,ID4932,2012-03-14 08:58:00+00:00,2012-03-14 12:59:00+00:00
Case103,Final Inspection Q.C.,ID4618,2012-03-14 13:58:00+00:00,2012-03-14 17:35:00+00:00
Case111,Turning,ID4167,2012-03-14 13:58:00+00:00,2012-03-14 17:59:00+00:00
Case112,Turning & Milling Q.C.,ID4287,2012-03-14 14:00:00+00:00,2012-03-14 15:40:00+00:00
Case101,Turning & Milling,ID0997,2012-03-14 14:02:00+00:00,2012-03-14 14:48:00+00:00
Case101,Turning & Milling,ID0997,2012-03-14 14:49:00+00:00,2012-03-14 18:10:00+00:00
Case36,Turning & Milling Q.C.,ID4493,2012-03-14 15:12:00+00:00,2012-03-14 16:27:00+00:00
Case112,Turning & Milling,ID3846,2012-03-14 15:15:00+00:00,2012-03-14 16:02:00+00:00
Case112,Turning & Milling,ID3846,2012-03-14 16:02:00+00:00,2012-03-14 20:21:00+00:00
Case4,Turning & Milling,ID4529,2012-03-14 16:25:00+00:00,2012-03-14 22:17:00+00:00
Case36,Laser Marking,ID0998,2012-03-14 16:43:00+00:00,2012-03-14 17:58:00+00:00
Case101,Turning & Milling,ID0997,2012-03-14 18:11:00+00:00,2012-03-14 20:30:00+00:00
Case42,Final Inspection Q.C.,ID4618,2012-03-14 18:13:00+00:00,2012-03-14 23:56:00+00:00
Case79,Lapping,ID0998,2012-03-14 18:17:00+00:00,2012-03-14 19:44:00+00:00
Case103,Final Inspection Q.C.,ID4618,2012-03-14 19:03:00+00:00,2012-03-14 19:04:00+00:00
Case42,Round Grinding,ID4872,2012-03-14 19:23:00+00:00,2012-03-14 22:49:00+00:00
Case42,Laser Marking,ID4872,2012-03-14 19:42:00+00:00,2012-03-14 20:40:00+00:00
Case42,Turning & Milling Q.C.,ID4618,2012-03-14 19:45:00+00:00,2012-03-14 21:00:00+00:00
Case4,Turning & Milling Q.C.,ID4493,2012-03-14 20:22:00+00:00,2012-03-14 22:22:00+00:00
Case101,Turning & Milling Q.C.,ID4618,2012-03-14 20:33:00+00:00,2012-03-14 21:48:00+00:00
Case111,Turning Q.C.,ID4493,2012-03-14 20:50:00+00:00,2012-03-14 22:05:00+00:00
Case53,Turning & Milling,ID0997,2012-03-14 20:50:00+00:00,2012-03-14 22:56:00+00:00
Case4,Turning & Milling,ID4529,2012-03-14 22:19:00+00:00,2012-03-14 22:43:00+00:00
Case4,Turning & Milling,ID4429,2012-03-14 22:54:00+00:00,2012-03-15 06:37:00+00:00
Case7,Flat Grinding,ID0998,2012-03-14 22:58:00+00:00,2012-03-15 00:13:00+00:00
Case7,Lapping,ID0998,2012-03-14 22:58:00+00:00,2012-03-15 00:13:00+00:00
Case7,Laser Marking,ID0998,2012-03-14 22:59:00+00:00,2012-03-15 00:14:00+00:00
Case112,Turning & Milling,ID4132,2012-03-14 23:10:00+00:00,2012-03-15 00:51:00+00:00
Case53,Turning & Milling,ID4219,2012-03-14 23:24:00+00:00,2012-03-15 00:32:00+00:00
Case7,Final Inspection Q.C.,ID4618,2012-03-15 00:02:00+00:00,2012-03-15 00:58:00+00:00
Case53,Turning & Milling,ID4219,2012-03-15 00:33:00+00:00,2012-03-15 01:52:00+00:00
Case53,Turning & Milling,ID4219,2012-03-15 01:53:00+00:00,2012-03-15 03:53:00+00:00
Case112,Turning & Milling,ID4794,2012-03-15 03:43:00+00:00,2012-03-15 13:48:00+00:00
Case53,Turning & Milling,ID4219,2012-03-15 03:54:00+00:00,2012-03-15 05:39:00+00:00
Case53,Turning & Milling,ID4219,2012-03-15 05:39:00+00:00,2012-03-15 09:26:00+00:00
Case123,Turning & Milling,ID4932,2012-03-15 06:30:00+00:00,2012-03-15 09:00:00+00:00
Case4,Turning & Milling,ID4932,2012-03-15 06:38:00+00:00,2012-03-15 10:08:00+00:00
Case103,Packing,ID4820,2012-03-15 07:00:00+00:00,2012-03-15 08:00:00+00:00
Case42,Packing,ID4820,2012-03-15 07:00:00+00:00,2012-03-15 08:00:00+00:00
Case42,Lapping,ID4882,2012-03-15 07:00:00+00:00,2012-03-15 08:15:00+00:00
Case123,Turning & Milling,ID4932,2012-03-15 09:00:00+00:00,2012-03-15 13:30:00+00:00
Case113,SETUP     Turning & Milling,ID4932,2012-03-15 10:09:00+00:00,2012-03-15 13:49:00+00:00
Case139,Round Grinding,ID4493,2012-03-15 13:43:00+00:00,2012-03-15 14:45:00+00:00
Case7,Final Inspection Q.C.,ID4618,2012-03-15 13:58:00+00:00,2012-03-15 16:46:00+00:00
Case53,Turning & Milling,ID0997,2012-03-15 14:00:00+00:00,2012-03-15 15:00:00+00:00
Case53,Turning & Milling Q.C.,ID4287,2012-03-15 14:00:00+00:00,2012-03-15 15:00:00+00:00
Case42,Round Grinding,ID4872,2012-03-15 14:06:00+00:00,2012-03-15 22:42:00+00:00
Case113,Turning & Milling,ID4529,2012-03-15 14:06:00+00:00,2012-03-15 22:56:00+00:00
Case123,Turning & Milling,ID4167,2012-03-15 14:31:00+00:00,2012-03-15 15:51:00+00:00
Case53,Turning & Milling,ID0997,2012-03-15 15:00:00+00:00,2012-03-15 18:30:00+00:00
Case4,Turning & Milling Q.C.,ID4493,2012-03-15 15:15:00+00:00,2012-03-15 16:16:00+00:00
Case112,Turning & Milling,ID3846,2012-03-15 15:22:00+00:00,2012-03-15 16:43:00+00:00
Case42,Flat Grinding,ID0998,2012-03-15 15:26:00+00:00,2012-03-15 16:54:00+00:00
Case112,Turning & Milling,ID3846,2012-03-15 16:44:00+00:00,2012-03-16 00:22:00+00:00
Case42,Lapping,ID0998,2012-03-15 16:54:00+00:00,2012-03-15 16:55:00+00:00
Case101,Flat Grinding,ID0998,2012-03-15 16:55:00+00:00,2012-03-15 17:55:00+00:00
Case71,Turning & Milling,ID4641,2012-03-15 17:03:00+00:00,2012-03-15 19:26:00+00:00
Case106,Turning & Milling,ID0997,2012-03-15 17:14:00+00:00,2012-03-15 22:44:00+00:00
Case123,Turning & Milling,ID4167,2012-03-15 17:39:00+00:00,2012-03-16 00:56:00+00:00
Case4,Laser Marking,ID0998,2012-03-15 17:55:00+00:00,2012-03-15 17:56:00+00:00
Case4,Turning & Milling Q.C.,ID4493,2012-03-15 18:02:00+00:00,2012-03-15 19:17:00+00:00
Case4,Laser Marking,ID0998,2012-03-15 18:03:00+00:00,2012-03-15 19:18:00+00:00
Case71,Turning & Milling,ID4641,2012-03-15 19:26:00+00:00,2012-03-15 22:43:00+00:00
Case53,Turning & Milling Q.C.,ID4287,2012-03-15 20:20:00+00:00,2012-03-15 20:31:00+00:00
Case79,Final Inspection Q.C.,ID4287,2012-03-15 21:30:00+00:00,2012-03-15 22:57:00+00:00
Case64,Turning & Milling,ID4429,2012-03-15 23:29:00+00:00,2012-03-16 06:59:00+00:00
Case106,Turning & Milling,ID4219,2012-03-15 23:55:00+00:00,2012-03-16 03:38:00+00:00
Case123,Turning & Milling,ID4932,2012-03-16 02:49:00+00:00,2012-03-16 08:27:00+00:00
Case112,Turning & Milling,ID4794,2012-03-16 04:04:00+00:00,2012-03-16 13:47:00+00:00
Case60,Turning,ID4219,2012-03-16 05:23:00+00:00,2012-03-16 07:10:00+00:00
Case7,Packing,ID4820,2012-03-16 07:00:00+00:00,2012-03-16 08:00:00+00:00
Case64,Turning & Milling,ID4932,2012-03-16 07:20:00+00:00,2012-03-16 14:00:00+00:00
Case123,Turning & Milling,ID4932,2012-03-16 08:28:00+00:00,2012-03-16 10:30:00+00:00
Case123,Turning & Milling,ID4932,2012-03-16 10:31:00+00:00,2012-03-16 11:47:00+00:00
Case42,Round Grinding,ID4872,2012-03-16 13:55:00+00:00,2012-03-16 16:19:00+00:00
Case60,Lapping,ID0998,2012-03-16 14:00:00+00:00,2012-03-16 14:20:00+00:00
Case113,Turning & Milling Q.C.,ID4493,2012-03-16 14:03:00+00:00,2012-03-16 18:04:00+00:00
Case123,Turning & Milling,ID4167,2012-03-16 14:10:00+00:00,2012-03-16 14:12:00+00:00
Case64,Turning & Milling,ID4529,2012-03-16 14:10:00+00:00,2012-03-16 19:49:00+00:00
Case123,Turning & Milling,ID4167,2012-03-16 14:12:00+00:00,2012-03-16 19:48:00+00:00
Case53,Turning & Milling Q.C.,ID4287,2012-03-16 15:00:00+00:00,2012-03-16 16:08:00+00:00
Case123,Turning & Milling Q.C.,ID4493,2012-03-16 15:31:00+00:00,2012-03-16 16:32:00+00:00
Case60,Turning,ID0997,2012-03-16 16:53:00+00:00,2012-03-16 19:30:00+00:00
Case42,Final Inspection Q.C.,ID4618,2012-03-16 17:14:00+00:00,2012-03-16 18:52:00+00:00
Case113,Laser Marking,ID0998,2012-03-16 18:15:00+00:00,2012-03-16 18:39:00+00:00
Case42,Round Grinding,ID4618,2012-03-16 18:53:00+00:00,2012-03-16 18:55:00+00:00
Case64,Turning & Milling,ID4932,2012-03-17 15:23:00+00:00,2012-03-17 22:00:00+00:00
Case123,Turning & Milling,ID4641,2012-03-17 20:22:00+00:00,2012-03-18 07:57:00+00:00
Case79,Packing,ID4820,2012-03-18 07:00:00+00:00,2012-03-18 08:00:00+00:00
Case42,Packing,ID4820,2012-03-18 07:00:00+00:00,2012-03-18 08:00:00+00:00
Case123,Turning & Milling,ID4641,2012-03-18 07:56:00+00:00,2012-03-18 09:26:00+00:00
Case123,Turning & Milling,ID4932,2012-03-18 07:57:00+00:00,2012-03-18 14:13:00+00:00
Case112,Turning & Milling,ID4641,2012-03-18 10:18:00+00:00,2012-03-18 13:50:00+00:00
Case123,Turning & Milling,ID4932,2012-03-18 13:55:00+00:00,2012-03-18 16:20:00+00:00
Case60,Turning Q.C.,ID4287,2012-03-18 14:00:00+00:00,2012-03-18 15:00:00+00:00
Case123,Turning & Milling Q.C.,ID4493,2012-03-18 14:00:00+00:00,2012-03-18 16:41:00+00:00
Case60,Turning,ID4219,2012-03-18 14:01:00+00:00,2012-03-18 15:39:00+00:00
Case123,Turning & Milling,ID4932,2012-03-18 16:19:00+00:00,2012-03-18 16:21:00+00:00
Case123,Turning & Milling,ID4932,2012-03-18 16:20:00+00:00,2012-03-18 18:30:00+00:00
Case54,Turning & Milling,ID4429,2012-03-18 16:24:00+00:00,2012-03-18 23:10:00+00:00
Case59,Turning & Milling,ID4794,2012-03-18 16:47:00+00:00,2012-03-18 22:54:00+00:00
Case112,Turning & Milling Q.C.,ID4287,2012-03-18 19:00:00+00:00,2012-03-18 19:33:00+00:00
Case112,Turning & Milling Q.C.,ID4287,2012-03-18 19:00:00+00:00,2012-03-18 19:33:00+00:00
Case96,Turning & Milling Q.C.,ID4287,2012-03-18 19:00:00+00:00,2012-03-18 20:53:00+00:00
Case112,Laser Marking,ID4718,2012-03-18 19:42:00+00:00,2012-03-18 21:55:00+00:00
Case64,Turning & Milling,ID4932,2012-03-18 20:22:00+00:00,2012-03-18 23:04:00+00:00
Case97,Final Inspection Q.C.,ID4287,2012-03-18 20:54:00+00:00,2012-03-18 22:00:00+00:00
Case123,Laser Marking,ID4718,2012-03-18 22:03:00+00:00,2012-03-18 22:53:00+00:00
Case112,Lapping,ID0998,2012-03-18 22:43:00+00:00,2012-03-19 01:10:00+00:00
Case59,Turning & Milling,ID4429,2012-03-18 23:11:00+00:00,2012-03-19 00:59:00+00:00
Case64,Turning & Milling,ID4429,2012-03-18 23:40:00+00:00,2012-03-19 00:59:00+00:00
Case60,Turning,ID0997,2012-03-18 23:51:00+00:00,2012-03-19 06:30:00+00:00
Case64,Turning & Milling,ID4529,2012-03-19 03:07:00+00:00,2012-03-19 03:08:00+00:00
Case54,Turning & Milling,ID4167,2012-03-19 03:08:00+00:00,2012-03-19 06:46:00+00:00
Case64,Turning & Milling,ID4529,2012-03-19 03:08:00+00:00,2012-03-19 13:10:00+00:00
Case59,Turning & Milling,ID4529,2012-03-19 03:21:00+00:00,2012-03-19 04:18:00+00:00
Case112,Turning & Milling,ID4641,2012-03-19 04:38:00+00:00,2012-03-19 07:19:00+00:00
Case174,Turning & Milling,ID4529,2012-03-19 04:42:00+00:00,2012-03-19 09:14:00+00:00
Case129,Packing,ID4820,2012-03-19 07:00:00+00:00,2012-03-19 08:00:00+00:00
Case112,Turning & Milling,ID4641,2012-03-19 07:19:00+00:00,2012-03-19 10:10:00+00:00
Case112,Turning & Milling,ID4529,2012-03-19 10:12:00+00:00,2012-03-19 13:46:00+00:00
Case106,Turning & Milling Q.C.,ID4618,2012-03-19 14:00:00+00:00,2012-03-19 14:28:00+00:00
Case140,Turning & Milling,ID4429,2012-03-19 14:14:00+00:00,2012-03-20 00:59:00+00:00
Case174,Turning & Milling,ID4794,2012-03-19 14:20:00+00:00,2012-03-19 19:12:00+00:00
Case112,Turning & Milling,ID4718,2012-03-19 14:26:00+00:00,2012-03-19 23:39:00+00:00
Case54,Turning & Milling,ID4932,2012-03-19 14:32:00+00:00,2012-03-19 15:17:00+00:00
Case54,Turning & Milling,ID4932,2012-03-19 16:37:00+00:00,2012-03-19 23:04:00+00:00
Case106,Laser Marking,ID0998,2012-03-19 16:38:00+00:00,2012-03-19 17:51:00+00:00
Case53,Laser Marking,ID0998,2012-03-19 16:39:00+00:00,2012-03-19 18:21:00+00:00
Case174,Turning & Milling Q.C.,ID4287,2012-03-19 18:30:00+00:00,2012-03-19 19:37:00+00:00
Case174,Turning & Milling,ID4794,2012-03-19 19:12:00+00:00,2012-03-19 23:01:00+00:00
Case54,Turning & Milling Q.C.,ID4287,2012-03-19 19:39:00+00:00,2012-03-19 20:38:00+00:00
Case97,Final Inspection Q.C.,ID4287,2012-03-19 20:39:00+00:00,2012-03-19 23:00:00+00:00
Case106,Flat Grinding,ID4882,2012-03-19 21:42:00+00:00,2012-03-19 22:20:00+00:00
Case129,Final Inspection Q.C.,ID4287,2012-03-19 23:00:00+00:00,2012-03-19 23:30:00+00:00
Case54,Turning & Milling,ID4167,2012-03-19 23:05:00+00:00,2012-03-20 05:59:00+00:00
Case174,Turning & Milling,ID4718,2012-03-19 23:40:00+00:00,2012-03-20 00:49:00+00:00
Case60,Turning Q.C.,ID4287,2012-03-20 00:00:00+00:00,2012-03-20 00:58:00+00:00
Case174,Turning & Milling,ID0997,2012-03-20 02:57:00+00:00,2012-03-20 06:28:00+00:00
Case140,Turning & Milling,ID4167,2012-03-20 03:20:00+00:00,2012-03-20 04:35:00+00:00
Case104,Turning & Milling,ID4529,2012-03-20 03:43:00+00:00,2012-03-20 09:26:00+00:00
Case112,Turning & Milling,ID4641,2012-03-20 04:18:00+00:00,2012-03-20 13:48:00+00:00
Case69,Packing,ID4820,2012-03-20 07:00:00+00:00,2012-03-20 08:00:00+00:00
Case104,Turning & Milling,ID4529,2012-03-20 09:27:00+00:00,2012-03-20 13:41:00+00:00
Case174,Turning & Milling,ID4529,2012-03-20 10:03:00+00:00,2012-03-20 13:40:00+00:00
Case124,Turning & Milling,ID4932,2012-03-20 13:59:00+00:00,2012-03-20 21:34:00+00:00
Case54,Turning & Milling Q.C.,ID4287,2012-03-20 14:00:00+00:00,2012-03-20 14:15:00+00:00
Case104,Turning & Milling,ID4429,2012-03-20 14:00:00+00:00,2012-03-20 18:07:00+00:00
Case119,Turning & Milling,ID4132,2012-03-20 14:12:00+00:00,2012-03-20 22:57:00+00:00
Case60,Turning Q.C.,ID4287,2012-03-20 14:14:00+00:00,2012-03-20 15:00:00+00:00
Case112,Turning & Milling,ID3846,2012-03-20 14:20:00+00:00,2012-03-21 00:52:00+00:00
Case174,Turning & Milling,ID4794,2012-03-20 14:25:00+00:00,2012-03-20 20:29:00+00:00
Case129,Laser Marking,ID0998,2012-03-20 15:27:00+00:00,2012-03-20 16:11:00+00:00
Case69,Final Inspection Q.C.,ID4618,2012-03-20 16:43:00+00:00,2012-03-20 17:58:00+00:00
Case104,Turning & Milling Q.C.,ID4493,2012-03-20 16:54:00+00:00,2012-03-20 18:54:00+00:00
Case140,Turning & Milling Q.C.,ID4493,2012-03-20 18:02:00+00:00,2012-03-20 19:02:00+00:00
Case83,Turning & Milling,ID4429,2012-03-20 18:08:00+00:00,2012-03-21 00:56:00+00:00
Case112,Final Inspection Q.C.,ID4287,2012-03-20 18:30:00+00:00,2012-03-20 20:30:00+00:00
Case60,Lapping,ID0998,2012-03-20 18:59:00+00:00,2012-03-20 19:35:00+00:00
Case60,Laser Marking,ID4882,2012-03-20 19:36:00+00:00,2012-03-20 19:47:00+00:00
Case60,Final Inspection Q.C.,ID4287,2012-03-20 20:30:00+00:00,2012-03-20 21:30:00+00:00
Case140,Laser Marking,ID4882,2012-03-20 20:37:00+00:00,2012-03-20 21:52:00+00:00
Case54,Flat Grinding,ID0998,2012-03-20 20:50:00+00:00,2012-03-20 21:50:00+00:00
Case45,Turning & Milling,ID4794,2012-03-20 21:22:00+00:00,2012-03-21 03:05:00+00:00
Case124,Turning & Milling,ID4932,2012-03-20 21:35:00+00:00,2012-03-20 22:58:00+00:00
Case174,Turning & Milling Q.C.,ID4287,2012-03-20 21:37:00+00:00,2012-03-20 23:00:00+00:00
Case54,Flat Grinding,ID0998,2012-03-20 21:51:00+00:00,2012-03-20 23:06:00+00:00
Case124,Turning & Milling,ID4429,2012-03-20 22:59:00+00:00,2012-03-21 00:54:00+00:00
Case112,Final Inspection Q.C.,ID4287,2012-03-20 23:00:00+00:00,2012-03-20 23:33:00+00:00
Case54,Turning & Milling Q.C.,ID4287,2012-03-20 23:30:00+00:00,2012-03-21 00:19:00+00:00
Case60,Final Inspection Q.C.,ID4287,2012-03-21 00:04:00+00:00,2012-03-21 00:05:00+00:00
Case53,Flat Grinding,ID0998,2012-03-21 00:20:00+00:00,2012-03-21 00:21:00+00:00
Case54,Final Inspection Q.C.,ID4287,2012-03-21 00:20:00+00:00,2012-03-21 01:00:00+00:00
Case54,Flat Grinding,ID0998,2012-03-21 00:22:00+00:00,2012-03-21 00:23:00+00:00
Case54,Lapping,ID0998,2012-03-21 00:23:00+00:00,2012-03-21 01:38:00+00:00
Case124,Turning & Milling,ID4167,2012-03-21 00:54:00+00:00,2012-03-21 05:36:00+00:00
Case54,Laser Marking,ID0998,2012-03-21 01:02:00+00:00,2012-03-21 01:03:00+00:00
Case45,Turning & Milling,ID4529,2012-03-21 03:07:00+00:00,2012-03-21 06:19:00+00:00
Case112,Turning & Milling,ID4641,2012-03-21 04:30:00+00:00,2012-03-21 10:29:00+00:00
Case83,Turning & Milling,ID4167,2012-03-21 05:34:00+00:00,2012-03-21 07:12:00+00:00
Case105,Turning & Milling,ID4167,2012-03-21 06:18:00+00:00,2012-03-21 13:34:00+00:00
Case45,Turning & Milling,ID4529,2012-03-21 06:21:00+00:00,2012-03-21 10:23:00+00:00
Case112,Packing,ID4820,2012-03-21 07:00:00+00:00,2012-03-21 08:00:00+00:00
Case60,Packing,ID4820,2012-03-21 07:00:00+00:00,2012-03-21 08:00:00+00:00
Case112,Packing,ID4820,2012-03-21 07:00:00+00:00,2012-03-21 08:00:00+00:00
Case126,Turning & Milling,ID4429,2012-03-21 07:00:00+00:00,2012-03-21 08:15:00+00:00
Case83,Turning & Milling,ID4529,2012-03-21 07:13:00+00:00,2012-03-21 13:32:00+00:00
Case174,Turning & Milling Q.C.,ID4287,2012-03-21 13:45:00+00:00,2012-03-21 14:16:00+00:00
Case104,Turning & Milling Q.C.,ID4493,2012-03-21 13:55:00+00:00,2012-03-21 14:41:00+00:00
Case83,Turning & Milling,ID4429,2012-03-21 13:57:00+00:00,2012-03-21 17:10:00+00:00
Case45,Turning & Milling Q.C.,ID4618,2012-03-21 14:09:00+00:00,2012-03-21 17:03:00+00:00
Case105,Turning & Milling,ID4932,2012-03-21 14:18:00+00:00,2012-03-21 17:31:00+00:00
Case85,Turning & Milling,ID4794,2012-03-21 14:21:00+00:00,2012-03-21 23:57:00+00:00
Case83,Turning & Milling Q.C.,ID4287,2012-03-21 14:30:00+00:00,2012-03-21 15:30:00+00:00
Case112,Turning & Milling Q.C.,ID4287,2012-03-21 15:31:00+00:00,2012-03-21 17:00:00+00:00
Case59,Turning & Milling Q.C.,ID4618,2012-03-21 16:20:00+00:00,2012-03-21 17:10:00+00:00
Case104,Laser Marking,ID4718,2012-03-21 16:21:00+00:00,2012-03-21 16:49:00+00:00
Case112,Laser Marking,ID4718,2012-03-21 17:01:00+00:00,2012-03-21 19:32:00+00:00
Case83,Turning & Milling,ID4932,2012-03-21 17:31:00+00:00,2012-03-21 22:58:00+00:00
Case124,Turning & Milling Q.C.,ID4287,2012-03-21 19:28:00+00:00,2012-03-21 21:07:00+00:00
Case119,Turning & Milling,ID4132,2012-03-21 21:35:00+00:00,2012-03-21 22:30:00+00:00
Case59,Laser Marking,ID4718,2012-03-21 21:51:00+00:00,2012-03-21 21:56:00+00:00
Case106,Final Inspection Q.C.,ID4618,2012-03-21 22:27:00+00:00,2012-03-22 00:57:00+00:00
Case112,Turning & Milling,ID4132,2012-03-21 22:31:00+00:00,2012-03-22 00:43:00+00:00
Case83,Turning & Milling,ID4529,2012-03-21 23:00:00+00:00,2012-03-22 04:30:00+00:00
Case124,Laser Marking,ID0998,2012-03-21 23:01:00+00:00,2012-03-21 23:20:00+00:00
Case53,Round Grinding,ID0998,2012-03-21 23:35:00+00:00,2012-03-22 00:45:00+00:00
Case59,Lapping,ID0420,2012-03-21 23:57:00+00:00,2012-03-22 00:35:00+00:00
Case85,Turning & Milling,ID4794,2012-03-21 23:58:00+00:00,2012-03-22 01:00:00+00:00
Case53,Round Grinding,ID4872,2012-03-22 01:30:00+00:00,2012-03-22 03:21:00+00:00
Case85,Turning & Milling,ID4529,2012-03-22 03:22:00+00:00,2012-03-22 07:31:00+00:00
Case126,Turning & Milling,ID4167,2012-03-22 03:27:00+00:00,2012-03-22 13:51:00+00:00
Case112,Turning & Milling,ID4641,2012-03-22 03:29:00+00:00,2012-03-22 12:32:00+00:00
Case135,Turning & Milling,ID4529,2012-03-22 05:00:00+00:00,2012-03-22 13:30:00+00:00
Case71,Packing,ID4820,2012-03-22 07:00:00+00:00,2012-03-22 08:00:00+00:00
Case59,Packing,ID4820,2012-03-22 07:00:00+00:00,2012-03-22 08:00:00+00:00
Case106,Packing,ID4820,2012-03-22 07:00:00+00:00,2012-03-22 08:00:00+00:00
Case97,Packing,ID4820,2012-03-22 07:00:00+00:00,2012-03-22 08:00:00+00:00
Case54,Packing,ID4820,2012-03-22 07:00:00+00:00,2012-03-22 08:00:00+00:00
Case97,Packing,ID4820,2012-03-22 07:00:00+00:00,2012-03-22 08:00:00+00:00
Case85,Turning & Milling,ID0937,2012-03-22 07:00:00+00:00,2012-03-22 08:15:00+00:00
Case85,Turning & Milling,ID0997,2012-03-22 07:04:00+00:00,2012-03-22 10:08:00+00:00
Case85,Turning & Milling Q.C.,ID4618,2012-03-22 13:56:00+00:00,2012-03-22 14:34:00+00:00
Case126,Turning & Milling,ID4932,2012-03-22 13:57:00+00:00,2012-03-22 14:57:00+00:00
Case126,Turning & Milling Q.C.,ID4287,2012-03-22 14:00:00+00:00,2012-03-22 15:00:00+00:00
Case65,Turning & Milling,ID3846,2012-03-22 14:00:00+00:00,2012-03-22 15:00:00+00:00
Case135,Turning & Milling,ID4718,2012-03-22 14:01:00+00:00,2012-03-22 16:59:00+00:00
Case119,Turning & Milling,ID4132,2012-03-22 14:18:00+00:00,2012-03-23 00:48:00+00:00
Case124,Lapping,ID4718,2012-03-22 14:32:00+00:00,2012-03-22 14:46:00+00:00
Case112,Grinding Rework,ID4882,2012-03-22 14:42:00+00:00,2012-03-22 15:42:00+00:00
Case126,Turning & Milling,ID4932,2012-03-22 14:58:00+00:00,2012-03-22 18:14:00+00:00
Case97,Final Inspection Q.C.,ID4287,2012-03-22 15:00:00+00:00,2012-03-22 15:40:00+00:00
Case112,Grinding Rework,ID4882,2012-03-22 16:02:00+00:00,2012-03-22 19:22:00+00:00
Case54,Final Inspection Q.C.,ID4287,2012-03-22 16:07:00+00:00,2012-03-22 16:30:00+00:00
Case135,Turning & Milling,ID4429,2012-03-22 16:25:00+00:00,2012-03-22 19:17:00+00:00
Case59,Final Inspection Q.C.,ID4618,2012-03-22 16:27:00+00:00,2012-03-22 18:08:00+00:00
Case71,Turning Q.C.,ID4618,2012-03-22 16:43:00+00:00,2012-03-22 16:47:00+00:00
Case112,Lapping,ID4718,2012-03-22 17:00:00+00:00,2012-03-22 21:33:00+00:00
Case71,Laser Marking,ID0998,2012-03-22 17:24:00+00:00,2012-03-22 18:00:00+00:00
Case53,Final Inspection Q.C.,ID4287,2012-03-22 17:30:00+00:00,2012-03-22 20:30:00+00:00
Case65,Turning & Milling Q.C.,ID4618,2012-03-22 18:08:00+00:00,2012-03-22 18:59:00+00:00
Case111,Turning & Milling,ID4932,2012-03-22 18:14:00+00:00,2012-03-23 00:50:00+00:00
Case106,Final Inspection Q.C.,ID4618,2012-03-22 18:50:00+00:00,2012-03-22 20:05:00+00:00
Case99,Turning & Milling Q.C.,ID4618,2012-03-22 18:59:00+00:00,2012-03-22 23:03:00+00:00
Case142,Turning & Milling Q.C.,ID4287,2012-03-22 21:00:00+00:00,2012-03-22 23:06:00+00:00
Case82,Grinding Rework,ID4882,2012-03-22 21:29:00+00:00,2012-03-22 22:43:00+00:00
Case71,Flat Grinding,ID0998,2012-03-22 21:49:00+00:00,2012-03-22 21:50:00+00:00
Case71,Final Inspection Q.C.,ID4618,2012-03-22 21:51:00+00:00,2012-03-22 23:06:00+00:00
Case83,Turning & Milling Q.C.,ID4287,2012-03-22 22:00:00+00:00,2012-03-22 23:30:00+00:00
Case126,Turning & Milling Q.C.,ID4287,2012-03-23 00:15:00+00:00,2012-03-23 00:53:00+00:00
Case111,Turning & Milling,ID4167,2012-03-23 03:00:00+00:00,2012-03-23 14:00:00+00:00
Case135,Turning & Milling,ID4529,2012-03-23 03:13:00+00:00,2012-03-23 08:23:00+00:00
Case119,Turning & Milling,ID4641,2012-03-23 08:16:00+00:00,2012-03-23 13:51:00+00:00
Case135,Turning & Milling,ID4529,2012-03-23 09:56:00+00:00,2012-03-23 09:57:00+00:00
Case135,Turning & Milling,ID4529,2012-03-23 09:57:00+00:00,2012-03-23 13:31:00+00:00
Case135,Turning & Milling,ID4429,2012-03-23 14:00:00+00:00,2012-03-23 19:29:00+00:00
Case111,Turning & Milling,ID4794,2012-03-23 14:00:00+00:00,2012-03-23 19:41:00+00:00
Case111,Turning,ID4794,2012-03-23 14:09:00+00:00,2012-03-23 19:41:00+00:00
Case82,Lapping,ID0998,2012-03-23 14:53:00+00:00,2012-03-23 18:35:00+00:00
Case53,Final Inspection Q.C.,ID4287,2012-03-23 17:30:00+00:00,2012-03-23 17:44:00+00:00
Case124,Final Inspection Q.C.,ID4287,2012-03-23 17:31:00+00:00,2012-03-23 19:16:00+00:00
Case101,Lapping,ID0998,2012-03-23 18:00:00+00:00,2012-03-23 19:40:00+00:00
Case99,Turning & Milling Q.C.,ID4618,2012-03-23 18:13:00+00:00,2012-03-23 18:25:00+00:00
Case81,Turning & Milling Q.C.,ID4618,2012-03-23 18:25:00+00:00,2012-03-23 19:44:00+00:00
Case59,Turning & Milling Q.C.,ID4618,2012-03-23 19:18:00+00:00,2012-03-23 20:33:00+00:00
Case111,Turning,ID4932,2012-03-24 13:31:00+00:00,2012-03-24 22:53:00+00:00
Case135,Turning & Milling,ID4932,2012-03-24 20:32:00+00:00,2012-03-24 22:49:00+00:00
Case111,Turning & Milling,ID4932,2012-03-24 20:51:00+00:00,2012-03-24 22:52:00+00:00
Case135,Turning & Milling,ID4794,2012-03-24 23:00:00+00:00,2012-03-25 06:49:00+00:00
Case101,Round Grinding,ID4528,2012-03-25 06:15:00+00:00,2012-03-25 07:45:00+00:00
Case135,Turning & Milling,ID4794,2012-03-25 06:50:00+00:00,2012-03-25 14:45:00+00:00
Case111,Turning & Milling,ID4794,2012-03-25 06:52:00+00:00,2012-03-25 14:45:00+00:00
Case101,Round Grinding,ID4528,2012-03-25 07:45:00+00:00,2012-03-25 14:45:00+00:00
Case53,Packing,ID4491,2012-03-25 08:00:00+00:00,2012-03-25 09:00:00+00:00
Case118,Turning & Milling,ID4429,2012-03-25 08:00:00+00:00,2012-03-25 09:15:00+00:00
Case83,Lapping,ID4882,2012-03-25 08:00:00+00:00,2012-03-25 09:15:00+00:00
Case86,Turning & Milling,ID4794,2012-03-25 12:03:00+00:00,2012-03-25 14:44:00+00:00
Case101,Final Inspection Q.C.,ID4618,2012-03-25 14:50:00+00:00,2012-03-25 19:31:00+00:00
Case111,Turning & Milling,ID4167,2012-03-25 15:06:00+00:00,2012-03-25 23:32:00+00:00
Case135,Turning & Milling,ID4529,2012-03-25 15:08:00+00:00,2012-03-25 18:39:00+00:00
Case119,Turning & Milling,ID4132,2012-03-25 15:19:00+00:00,2012-03-26 01:45:00+00:00
Case82,Lapping,ID4882,2012-03-25 15:42:00+00:00,2012-03-25 17:03:00+00:00
Case86,Turning & Milling,ID4718,2012-03-25 17:49:00+00:00,2012-03-25 23:58:00+00:00
Case112,Final Inspection Q.C.,ID4287,2012-03-25 17:49:00+00:00,2012-03-26 00:03:00+00:00
Case124,Final Inspection Q.C.,ID4287,2012-03-25 18:00:00+00:00,2012-03-25 18:15:00+00:00
Case101,Lapping,ID0998,2012-03-25 18:00:00+00:00,2012-03-25 19:00:00+00:00
Case83,Laser Marking,ID4882,2012-03-25 18:08:00+00:00,2012-03-25 18:41:00+00:00
Case101,Laser Marking,ID0998,2012-03-25 19:15:00+00:00,2012-03-25 19:29:00+00:00
Case83,Flat Grinding,ID0998,2012-03-25 19:38:00+00:00,2012-03-25 20:54:00+00:00
Case81,Turning & Milling Q.C.,ID4618,2012-03-25 19:48:00+00:00,2012-03-26 01:59:00+00:00
Case82,Round Grinding,ID4355,2012-03-25 19:50:00+00:00,2012-03-25 22:01:00+00:00
Case135,Turning & Milling,ID4529,2012-03-25 20:09:00+00:00,2012-03-25 20:27:00+00:00
Case99,Turning & Milling Q.C.,ID4618,2012-03-25 20:12:00+00:00,2012-03-25 21:27:00+00:00
Case83,Lapping,ID0998,2012-03-25 20:54:00+00:00,2012-03-25 23:19:00+00:00
Case82,Round Grinding,ID4355,2012-03-25 22:02:00+00:00,2012-03-26 01:41:00+00:00
Case83,Flat Grinding,ID0998,2012-03-25 23:19:00+00:00,2012-03-25 23:41:00+00:00
Case126,Laser Marking,ID0998,2012-03-25 23:40:00+00:00,2012-03-25 23:41:00+00:00
Case83,Lapping,ID0998,2012-03-25 23:41:00+00:00,2012-03-26 00:10:00+00:00
Case86,Turning & Milling,ID4529,2012-03-26 00:20:00+00:00,2012-03-26 01:54:00+00:00
Case135,Turning & Milling,ID4429,2012-03-26 03:39:00+00:00,2012-03-26 07:36:00+00:00
Case111,Turning & Milling,ID4932,2012-03-26 03:54:00+00:00,2012-03-26 14:43:00+00:00
Case86,Turning & Milling,ID4794,2012-03-26 04:09:00+00:00,2012-03-26 14:38:00+00:00
Case82,Round Grinding,ID4385,2012-03-26 04:41:00+00:00,2012-03-26 12:19:00+00:00
Case135,Turning & Milling,ID4794,2012-03-26 07:42:00+00:00,2012-03-26 14:38:00+00:00
Case124,Packing,ID4820,2012-03-26 08:00:00+00:00,2012-03-26 09:00:00+00:00
Case101,Packing,ID4820,2012-03-26 08:00:00+00:00,2012-03-26 09:00:00+00:00
Case126,Lapping,ID4882,2012-03-26 08:00:00+00:00,2012-03-26 09:15:00+00:00
Case141,Turning & Milling,ID4429,2012-03-26 08:00:00+00:00,2012-03-26 09:15:00+00:00
Case99,Lapping,ID4882,2012-03-26 08:00:00+00:00,2012-03-26 09:15:00+00:00
Case81,Turning & Milling Q.C.,ID4618,2012-03-26 14:48:00+00:00,2012-03-27 00:08:00+00:00
Case86,Turning & Milling,ID4718,2012-03-26 14:51:00+00:00,2012-03-26 16:01:00+00:00
Case135,Turning & Milling,ID4529,2012-03-26 14:53:00+00:00,2012-03-26 17:11:00+00:00
Case135,Turning & Milling Q.C.,ID4493,2012-03-26 15:00:00+00:00,2012-03-26 16:00:00+00:00
Case111,Turning & Milling Q.C.,ID4493,2012-03-26 15:21:00+00:00,2012-03-26 17:22:00+00:00
Case126,Lapping,ID0998,2012-03-26 16:18:00+00:00,2012-03-26 17:14:00+00:00
Case119,Turning & Milling,ID4132,2012-03-26 16:30:00+00:00,2012-03-27 02:00:00+00:00
Case86,Turning & Milling,ID4718,2012-03-26 16:37:00+00:00,2012-03-26 16:38:00+00:00
Case264,Turning & Milling,ID4718,2012-03-26 16:38:00+00:00,2012-03-26 23:28:00+00:00
Case126,Lapping,ID4882,2012-03-26 17:05:00+00:00,2012-03-26 17:52:00+00:00
Case99,Laser Marking,ID0998,2012-03-26 17:14:00+00:00,2012-03-26 18:12:00+00:00
Case142,Turning & Milling Q.C.,ID4287,2012-03-26 18:00:00+00:00,2012-03-26 19:10:00+00:00
Case99,Lapping,ID0998,2012-03-26 18:12:00+00:00,2012-03-26 20:12:00+00:00
Case135,Turning & Milling,ID4529,2012-03-26 20:10:00+00:00,2012-03-26 23:41:00+00:00
Case45,Fix,ID0997,2012-03-26 22:21:00+00:00,2012-03-26 23:57:00+00:00
Case264,Turning & Milling,ID4718,2012-03-26 23:28:00+00:00,2012-03-27 00:01:00+00:00
Case111,Laser Marking,ID0998,2012-03-26 23:42:00+00:00,2012-03-27 00:00:00+00:00
Case264,Turning & Milling,ID4529,2012-03-26 23:42:00+00:00,2012-03-27 01:52:00+00:00
Case135,Turning & Milling,ID4429,2012-03-26 23:50:00+00:00,2012-03-27 07:37:00+00:00
Case86,Turning & Milling Q.C.,ID4287,2012-03-27 00:00:00+00:00,2012-03-27 00:40:00+00:00
Case111,Laser Marking,ID4882,2012-03-27 00:02:00+00:00,2012-03-27 01:43:00+00:00
Case138,Turning & Milling,ID4167,2012-03-27 01:13:00+00:00,2012-03-27 02:01:00+00:00
Case138,Turning & Milling,ID4932,2012-03-27 03:42:00+00:00,2012-03-27 08:44:00+00:00
Case264,Turning & Milling,ID4794,2012-03-27 04:21:00+00:00,2012-03-27 14:34:00+00:00
Case126,Round Grinding,ID4528,2012-03-27 07:00:00+00:00,2012-03-27 07:45:00+00:00
Case135,Turning & Milling,ID4794,2012-03-27 07:43:00+00:00,2012-03-27 14:33:00+00:00
Case36,Lapping,ID4882,2012-03-27 08:00:00+00:00,2012-03-27 09:15:00+00:00
Case138,Turning & Milling,ID4932,2012-03-27 08:45:00+00:00,2012-03-27 14:34:00+00:00
Case111,Turning & Milling,ID4167,2012-03-27 08:51:00+00:00,2012-03-27 15:52:00+00:00
Case126,Round Grinding,ID4872,2012-03-27 14:56:00+00:00,2012-03-27 15:48:00+00:00
Case111,Turning & Milling Q.C.,ID4493,2012-03-27 15:00:00+00:00,2012-03-27 15:35:00+00:00
Case111,Turning & Milling Q.C.,ID4493,2012-03-27 15:00:00+00:00,2012-03-27 18:59:00+00:00
Case135,Turning & Milling,ID4167,2012-03-27 15:00:00+00:00,2012-03-27 23:00:00+00:00
Case264,Turning & Milling Q.C.,ID4618,2012-03-27 15:09:00+00:00,2012-03-27 15:26:00+00:00
Case126,Round Grinding,ID4872,2012-03-27 15:48:00+00:00,2012-03-27 18:24:00+00:00
Case264,Turning & Milling,ID4167,2012-03-27 16:04:00+00:00,2012-03-27 23:56:00+00:00
Case138,Turning & Milling,ID4167,2012-03-27 16:06:00+00:00,2012-03-28 00:04:00+00:00
Case119,Turning & Milling,ID4132,2012-03-27 16:17:00+00:00,2012-03-28 01:47:00+00:00
Case135,Turning & Milling Q.C.,ID4493,2012-03-27 16:25:00+00:00,2012-03-27 17:26:00+00:00
Case140,Lapping,ID0998,2012-03-27 16:27:00+00:00,2012-03-27 18:22:00+00:00
Case111,Turning & Milling,ID4167,2012-03-27 18:56:00+00:00,2012-03-28 14:56:00+00:00
Case86,Turning & Milling Q.C.,ID4287,2012-03-27 19:00:00+00:00,2012-03-27 20:47:00+00:00
Case111,Laser Marking,ID0998,2012-03-27 19:10:00+00:00,2012-03-27 21:26:00+00:00
Case140,Round Grinding,ID4355,2012-03-27 20:34:00+00:00,2012-03-28 00:14:00+00:00
Case126,Final Inspection Q.C.,ID4287,2012-03-27 21:26:00+00:00,2012-03-27 23:27:00+00:00
Case135,Turning & Milling,ID4167,2012-03-27 23:00:00+00:00,2012-03-28 00:00:00+00:00
Case96,Turning & Milling Q.C.,ID4287,2012-03-27 23:12:00+00:00,2012-03-28 01:41:00+00:00
Case36,Lapping,ID0998,2012-03-28 00:05:00+00:00,2012-03-28 02:19:00+00:00
Case138,Turning & Milling,ID4429,2012-03-28 00:06:00+00:00,2012-03-28 02:09:00+00:00
Case135,Turning & Milling,ID4429,2012-03-28 00:07:00+00:00,2012-03-28 02:08:00+00:00
Case140,Round Grinding,ID4355,2012-03-28 00:15:00+00:00,2012-03-28 01:06:00+00:00
Case140,Round Grinding,ID4355,2012-03-28 01:07:00+00:00,2012-03-28 01:43:00+00:00
Case264,Turning & Milling,ID4429,2012-03-28 01:36:00+00:00,2012-03-28 02:30:00+00:00
Case137,Turning & Milling,ID4429,2012-03-28 02:21:00+00:00,2012-03-28 07:38:00+00:00
Case135,Turning & Milling,ID4932,2012-03-28 03:51:00+00:00,2012-03-28 07:33:00+00:00
Case264,Turning & Milling,ID4794,2012-03-28 04:09:00+00:00,2012-03-28 14:42:00+00:00
Case36,Round Grinding,ID4385,2012-03-28 04:22:00+00:00,2012-03-28 07:41:00+00:00
Case119,Turning & Milling,ID4794,2012-03-28 05:36:00+00:00,2012-03-28 12:21:00+00:00
Case135,Turning & Milling,ID4932,2012-03-28 07:33:00+00:00,2012-03-28 09:16:00+00:00
Case36,Round Grinding,ID4385,2012-03-28 07:41:00+00:00,2012-03-28 15:07:00+00:00
Case126,Packing,ID4820,2012-03-28 08:00:00+00:00,2012-03-28 09:00:00+00:00
Case133,Turning & Milling,ID4429,2012-03-28 08:00:00+00:00,2012-03-28 09:15:00+00:00
Case96,Lapping,ID4882,2012-03-28 08:00:00+00:00,2012-03-28 09:15:00+00:00
Case135,Turning & Milling,ID4932,2012-03-28 09:16:00+00:00,2012-03-28 14:40:00+00:00
Case137,Turning & Milling,ID4932,2012-03-28 09:17:00+00:00,2012-03-28 12:11:00+00:00
Case45,Turning & Milling Q.C.,ID4618,2012-03-28 14:53:00+00:00,2012-03-28 15:31:00+00:00
Case45,Turning & Milling Q.C.,ID4618,2012-03-28 14:54:00+00:00,2012-03-28 16:08:00+00:00
Case264,Turning & Milling,ID4718,2012-03-28 15:00:00+00:00,2012-03-28 15:27:00+00:00
Case264,Turning & Milling Q.C.,ID4618,2012-03-28 15:05:00+00:00,2012-03-28 15:31:00+00:00
Case36,Round Grinding,ID4445,2012-03-28 15:08:00+00:00,2012-03-28 18:52:00+00:00
Case119,Turning & Milling,ID4132,2012-03-28 15:20:00+00:00,2012-03-29 01:37:00+00:00
Case264,Turning & Milling Q.C.,ID4618,2012-03-28 15:41:00+00:00,2012-03-28 15:48:00+00:00
Case135,Turning & Milling,ID4167,2012-03-28 15:49:00+00:00,2012-03-29 00:09:00+00:00
Case264,Turning & Milling,ID4167,2012-03-28 15:50:00+00:00,2012-03-28 20:05:00+00:00
Case137,Turning & Milling,ID4167,2012-03-28 15:50:00+00:00,2012-03-29 00:09:00+00:00
Case264,Laser Marking,ID0998,2012-03-28 16:20:00+00:00,2012-03-28 18:39:00+00:00
Case96,Lapping,ID4882,2012-03-28 17:04:00+00:00,2012-03-28 18:13:00+00:00
Case96,Laser Marking,ID4718,2012-03-28 17:30:00+00:00,2012-03-28 20:00:00+00:00
Case135,Turning & Milling Q.C.,ID4493,2012-03-28 17:47:00+00:00,2012-03-28 22:48:00+00:00
Case138,Turning & Milling Q.C.,ID4163,2012-03-28 18:00:00+00:00,2012-03-28 18:30:00+00:00
Case98,Turning & Milling Q.C.,ID4287,2012-03-28 18:00:00+00:00,2012-03-28 20:38:00+00:00
Case138,Turning & Milling Q.C.,ID4163,2012-03-28 18:30:00+00:00,2012-03-28 19:00:00+00:00
Case96,Lapping,ID0998,2012-03-28 18:40:00+00:00,2012-03-28 21:22:00+00:00
Case138,Turning & Milling Q.C.,ID4163,2012-03-28 19:00:00+00:00,2012-03-28 19:45:00+00:00
Case36,Round Grinding,ID4445,2012-03-28 21:03:00+00:00,2012-03-28 21:55:00+00:00
Case36,Round Grinding,ID4445,2012-03-28 21:55:00+00:00,2012-03-29 01:46:00+00:00
Case138,Laser Marking,ID4882,2012-03-28 22:15:00+00:00,2012-03-28 22:43:00+00:00
Case98,Laser Marking,ID4718,2012-03-28 23:00:00+00:00,2012-03-28 23:30:00+00:00
Case135,Turning & Milling,ID4429,2012-03-29 00:13:00+00:00,2012-03-29 07:40:00+00:00
Case99,Final Inspection Q.C.,ID4618,2012-03-29 01:35:00+00:00,2012-03-29 01:59:00+00:00
Case133,Turning & Milling,ID4932,2012-03-29 04:04:00+00:00,2012-03-29 12:43:00+00:00
Case118,Turning & Milling,ID4794,2012-03-29 04:10:00+00:00,2012-03-29 06:11:00+00:00
Case36,Round Grinding,ID4385,2012-03-29 04:18:00+00:00,2012-03-29 06:23:00+00:00
Case119,Turning & Milling,ID4794,2012-03-29 05:14:00+00:00,2012-03-29 14:42:00+00:00
Case118,Turning & Milling,ID4794,2012-03-29 06:12:00+00:00,2012-03-29 09:29:00+00:00
Case36,Round Grinding,ID4385,2012-03-29 06:24:00+00:00,2012-03-29 07:07:00+00:00
Case135,Turning & Milling,ID4932,2012-03-29 07:54:00+00:00,2012-03-29 14:41:00+00:00
Case96,Packing,ID4820,2012-03-29 08:00:00+00:00,2012-03-29 09:00:00+00:00
Case96,Packing,ID4291,2012-03-29 08:00:00+00:00,2012-03-29 09:00:00+00:00
Case112,Packing,ID4820,2012-03-29 08:00:00+00:00,2012-03-29 09:00:00+00:00
Case80,Lapping,ID4882,2012-03-29 08:00:00+00:00,2012-03-29 09:15:00+00:00
Case125,Turning & Milling,ID4794,2012-03-29 09:30:00+00:00,2012-03-29 14:42:00+00:00
Case133,Turning & Milling,ID4932,2012-03-29 12:44:00+00:00,2012-03-29 14:40:00+00:00
Case133,Turning & Milling,ID4167,2012-03-29 14:45:00+00:00,2012-03-30 00:03:00+00:00
Case135,Turning & Milling,ID4167,2012-03-29 14:45:00+00:00,2012-03-30 00:04:00+00:00
Case96,Final Inspection Q.C.,ID4287,2012-03-29 15:00:00+00:00,2012-03-29 16:40:00+00:00
Case119,Turning & Milling,ID4132,2012-03-29 15:18:00+00:00,2012-03-30 01:18:00+00:00
Case98,Laser Marking,ID4882,2012-03-29 15:25:00+00:00,2012-03-29 16:20:00+00:00
Case125,Turning & Milling,ID4167,2012-03-29 15:26:00+00:00,2012-03-29 21:22:00+00:00
Case99,Final Inspection Q.C.,ID4618,2012-03-29 16:00:00+00:00,2012-03-29 19:54:00+00:00
Case174,Laser Marking,ID0998,2012-03-29 16:26:00+00:00,2012-03-29 17:20:00+00:00
Case98,Laser Marking,ID4718,2012-03-29 17:00:00+00:00,2012-03-29 17:30:00+00:00
Case112,Final Inspection Q.C.,ID4287,2012-03-29 17:00:00+00:00,2012-03-29 17:34:00+00:00
Case174,Lapping,ID0998,2012-03-29 17:20:00+00:00,2012-03-29 18:48:00+00:00
Case174,Lapping,ID4872,2012-03-29 18:00:00+00:00,2012-03-29 18:58:00+00:00
Case174,Lapping,ID0998,2012-03-29 18:49:00+00:00,2012-03-29 20:51:00+00:00
Case174,Round Grinding,ID4872,2012-03-29 18:58:00+00:00,2012-03-29 20:13:00+00:00
Case65,Turning & Milling,ID4641,2012-03-29 18:58:00+00:00,2012-03-30 00:02:00+00:00
Case174,Round Grinding,ID4872,2012-03-29 18:59:00+00:00,2012-03-29 22:35:00+00:00
Case135,Turning & Milling Q.C.,ID4493,2012-03-29 20:04:00+00:00,2012-03-29 23:05:00+00:00
Case264,Turning & Milling Q.C.,ID4618,2012-03-29 20:24:00+00:00,2012-03-29 20:43:00+00:00
Case125,Turning & Milling Q.C.,ID4618,2012-03-29 21:25:00+00:00,2012-03-30 00:03:00+00:00
Case80,Lapping,ID0998,2012-03-29 22:32:00+00:00,2012-03-29 22:51:00+00:00
Case174,Round Grinding,ID4872,2012-03-29 22:36:00+00:00,2012-03-29 23:46:00+00:00
Case125,Turning & Milling,ID4167,2012-03-29 23:43:00+00:00,2012-03-29 23:58:00+00:00
Case65,Turning & Milling,ID3846,2012-03-30 00:43:00+00:00,2012-03-30 07:41:00+00:00
Case125,Turning & Milling,ID4429,2012-03-30 00:45:00+00:00,2012-03-30 01:29:00+00:00
Case135,Turning & Milling,ID4429,2012-03-30 00:47:00+00:00,2012-03-30 07:28:00+00:00
Case134,Turning & Milling,ID4932,2012-03-30 01:49:00+00:00,2012-03-30 03:49:00+00:00
Case174,Lapping,ID4528,2012-03-30 01:53:00+00:00,2012-03-30 05:36:00+00:00
Case136,Turning & Milling,ID4794,2012-03-30 03:15:00+00:00,2012-03-30 07:34:00+00:00
Case80,Round Grinding,ID4385,2012-03-30 03:26:00+00:00,2012-03-30 05:09:00+00:00
Case134,Turning & Milling,ID4932,2012-03-30 03:50:00+00:00,2012-03-30 08:00:00+00:00
Case36,Round Grinding,ID4385,2012-03-30 05:09:00+00:00,2012-03-30 07:54:00+00:00
Case140,Grinding Rework,ID4528,2012-03-30 05:36:00+00:00,2012-03-30 06:19:00+00:00
Case36,Grinding Rework,ID4528,2012-03-30 06:20:00+00:00,2012-03-30 07:45:00+00:00
Case136,Turning & Milling,ID4794,2012-03-30 07:34:00+00:00,2012-03-30 13:55:00+00:00
Case140,Round Grinding,ID4385,2012-03-30 07:54:00+00:00,2012-03-30 08:26:00+00:00
Case65,Turning & Milling,ID4794,2012-03-30 07:55:00+00:00,2012-03-30 13:54:00+00:00
Case144,Packing,ID4491,2012-03-30 08:00:00+00:00,2012-03-30 09:00:00+00:00
Case174,Packing,ID4491,2012-03-30 08:00:00+00:00,2012-03-30 09:00:00+00:00
Case99,Packing,ID4820,2012-03-30 08:00:00+00:00,2012-03-30 09:00:00+00:00
Case140,Packing,ID4820,2012-03-30 08:00:00+00:00,2012-03-30 09:00:00+00:00
Case135,Turning & Milling,ID4932,2012-03-30 08:01:00+00:00,2012-03-30 13:45:00+00:00
Case80,Round Grinding,ID4385,2012-03-30 08:27:00+00:00,2012-03-30 11:35:00+00:00
Case80,Round Grinding,ID4445,2012-03-30 09:00:00+00:00,2012-03-30 14:30:00+00:00
Case134,Turning & Milling,ID4167,2012-03-30 13:45:00+00:00,2012-03-30 19:25:00+00:00
Case135,Turning & Milling,ID4167,2012-03-30 13:45:00+00:00,2012-03-30 19:27:00+00:00
Case80,Round Grinding,ID4355,2012-03-30 13:51:00+00:00,2012-03-30 19:23:00+00:00
Case135,Turning & Milling Q.C.,ID4493,2012-03-30 14:11:00+00:00,2012-03-30 15:11:00+00:00
Case5,Turning & Milling,ID0997,2012-03-30 14:17:00+00:00,2012-03-30 19:14:00+00:00
Case136,Turning & Milling Q.C.,ID4618,2012-03-30 14:36:00+00:00,2012-03-30 15:21:00+00:00
Case107,Turning & Milling,ID4132,2012-03-30 14:36:00+00:00,2012-03-30 19:47:00+00:00
Case36,Grinding Rework,ID4872,2012-03-30 15:00:00+00:00,2012-03-30 19:45:00+00:00
Case140,Final Inspection Q.C.,ID4493,2012-03-30 15:12:00+00:00,2012-03-30 17:03:00+00:00
Case174,Final Inspection Q.C.,ID4287,2012-03-30 16:40:00+00:00,2012-03-30 18:17:00+00:00
Case144,Final Inspection Q.C.,ID4493,2012-03-30 16:56:00+00:00,2012-03-30 17:57:00+00:00
Case65,Turning & Milling,ID0937,2012-03-30 17:00:00+00:00,2012-03-30 20:00:00+00:00
Case118,Turning & Milling Q.C.,ID4287,2012-03-30 18:18:00+00:00,2012-03-30 19:41:00+00:00
Case137,Turning & Milling Q.C.,ID4163,2012-03-30 18:55:00+00:00,2012-03-30 19:50:00+00:00
Case5,Turning & Milling,ID0997,2012-03-30 19:14:00+00:00,2012-03-30 19:43:00+00:00
Case80,Round Grinding,ID4445,2012-03-31 06:00:00+00:00,2012-03-31 09:00:00+00:00
Case134,Turning & Milling,ID4932,2012-03-31 07:43:00+00:00,2012-03-31 13:45:00+00:00
